<?xml version="1.0" encoding="UTF-8" standalone="no"?>
<!DOCTYPE log SYSTEM "logger.dtd">
<log>
<record>
  <date>2026-08-18T11:05:09.406543700Z</date>
  <millis>1787051109406</millis>
  <nanos>543700</nanos>
  <sequence>0</sequence>
  <level>START</level>
  <class>com.kms.katalon.core.logging.XmlKeywordLogger</class>
  <method>startSuite</method>
  <thread>1</thread>
  <message>Start Test Suite : Test Suites/open browser</message>
  <nestedLevel>0</nestedLevel>
  <escapedJava>false</escapedJava>
  <property name="rerunTestFailImmediately">true</property>
  <property name="retryCount">3</property>
  <property name="name">open browser</property>
  <property name="description"></property>
  <property name="id">Test Suites/open browser</property>
</record>
<record>
  <date>2026-08-18T11:05:09.422542400Z</date>
  <millis>1787051109422</millis>
  <nanos>542400</nanos>
  <sequence>1</sequence>
  <level>RUN_DATA</level>
  <class>com.kms.katalon.core.logging.XmlKeywordLogger</class>
  <method>logMessage</method>
  <thread>1</thread>
  <message>hostName = Pc p - DESKTOP-8DOPEV3</message>
  <nestedLevel>0</nestedLevel>
  <escapedJava>false</escapedJava>
  <property name="hostName">Pc p - DESKTOP-8DOPEV3</property>
</record>
<record>
  <date>2026-08-18T11:05:09.422542400Z</date>
  <millis>1787051109422</millis>
  <nanos>542400</nanos>
  <sequence>2</sequence>
  <level>RUN_DATA</level>
  <class>com.kms.katalon.core.logging.XmlKeywordLogger</class>
  <method>logMessage</method>
  <thread>1</thread>
  <message>os = Windows 10 64bit</message>
  <nestedLevel>0</nestedLevel>
  <escapedJava>false</escapedJava>
  <property name="os">Windows 10 64bit</property>
</record>
<record>
  <date>2026-08-18T11:05:09.423546800Z</date>
  <millis>1787051109423</millis>
  <nanos>546800</nanos>
  <sequence>3</sequence>
  <level>RUN_DATA</level>
  <class>com.kms.katalon.core.logging.XmlKeywordLogger</class>
  <method>logMessage</method>
  <thread>1</thread>
  <message>hostAddress = 192.168.18.96</message>
  <nestedLevel>0</nestedLevel>
  <escapedJava>false</escapedJava>
  <property name="hostAddress">192.168.18.96</property>
</record>
<record>
  <date>2026-08-18T11:05:09.423546800Z</date>
  <millis>1787051109423</millis>
  <nanos>546800</nanos>
  <sequence>4</sequence>
  <level>RUN_DATA</level>
  <class>com.kms.katalon.core.logging.XmlKeywordLogger</class>
  <method>logMessage</method>
  <thread>1</thread>
  <message>katalonVersion = 9.6.0.217</message>
  <nestedLevel>0</nestedLevel>
  <escapedJava>false</escapedJava>
  <property name="katalonVersion">9.6.0.217</property>
</record>
<record>
  <date>2026-08-18T11:05:09.570545300Z</date>
  <millis>1787051109570</millis>
  <nanos>545300</nanos>
  <sequence>5</sequence>
  <level>START</level>
  <class>com.kms.katalon.core.logging.XmlKeywordLogger</class>
  <method>startTest</method>
  <thread>1</thread>
  <message>Start Test Case : Test Cases/add new test case</message>
  <nestedLevel>1</nestedLevel>
  <escapedJava>false</escapedJava>
  <property name="remainingRetryCount">3</property>
  <property name="name">Test Cases/add new test case</property>
  <property name="description"></property>
  <property name="iteration"></property>
  <property name="id">Test Cases/add new test case</property>
  <property name="source">C:\Users\Pc p\git\katalon_automation_testing\Test Cases\add new test case.tc</property>
  <property name="tag"></property>
  <property name="isOptional">false</property>
  <property name="currentRetryCount">0</property>
</record>
<record>
  <date>2026-08-18T11:05:09.844547900Z</date>
  <millis>1787051109844</millis>
  <nanos>547900</nanos>
  <sequence>7</sequence>
  <level>START</level>
  <class>com.kms.katalon.core.logging.XmlKeywordLogger</class>
  <method>startKeyword</method>
  <thread>1</thread>
  <message>Start action : openBrowser(&amp;quot;&amp;quot;)</message>
  <nestedLevel>1</nestedLevel>
  <escapedJava>false</escapedJava>
  <property name="startLine">20</property>
  <property name="stepIndex">1</property>
</record>
<record>
  <date>2026-08-18T11:05:10.154546400Z</date>
  <millis>1787051110154</millis>
  <nanos>546400</nanos>
  <sequence>9</sequence>
  <level>INFO</level>
  <class>com.kms.katalon.core.logging.XmlKeywordLogger</class>
  <method>logMessage</method>
  <thread>1</thread>
  <message>Starting &amp;apos;Chrome&amp;apos; driver</message>
  <nestedLevel>1</nestedLevel>
  <escapedJava>false</escapedJava>
</record>
<record>
  <date>2026-08-18T11:05:10.198548800Z</date>
  <millis>1787051110198</millis>
  <nanos>548800</nanos>
  <sequence>11</sequence>
  <level>INFO</level>
  <class>com.kms.katalon.core.logging.XmlKeywordLogger</class>
  <method>logMessage</method>
  <thread>1</thread>
  <message>Action delay is set to 0 milliseconds</message>
  <nestedLevel>1</nestedLevel>
  <escapedJava>false</escapedJava>
</record>
<record>
  <date>2026-08-18T11:05:12.346099Z</date>
  <millis>1787051112346</millis>
  <nanos>99000</nanos>
  <sequence>15</sequence>
  <level>FAILED</level>
  <class>com.kms.katalon.core.logging.XmlKeywordLogger</class>
  <method>logMessage</method>
  <thread>1</thread>
  <message>Unable to open browser with url: &amp;apos;&amp;apos; (Root cause: com.kms.katalon.core.exception.StepFailedException: Unable to open browser with url: &amp;apos;&amp;apos;
	at com.kms.katalon.core.webui.keyword.internal.WebUIKeywordMain.stepFailed(WebUIKeywordMain.groovy:64)
	at com.kms.katalon.core.webui.keyword.internal.WebUIKeywordMain.runKeyword(WebUIKeywordMain.groovy:26)
	at com.kms.katalon.core.webui.keyword.builtin.OpenBrowserKeyword.openBrowser(OpenBrowserKeyword.groovy:81)
	at com.kms.katalon.core.webui.keyword.builtin.OpenBrowserKeyword.execute(OpenBrowserKeyword.groovy:67)
	at com.kms.katalon.core.keyword.internal.KeywordExecutor.executeKeywordForPlatform(KeywordExecutor.groovy:74)
	at com.kms.katalon.core.webui.keyword.WebUiBuiltInKeywords.openBrowser(WebUiBuiltInKeywords.groovy:64)
	at add new test case.run(add new test case:20)
	at com.kms.katalon.core.main.ScriptEngine.run(ScriptEngine.java:194)
	at com.kms.katalon.core.main.ScriptEngine.runScriptAsRawText(ScriptEngine.java:119)
	at com.kms.katalon.core.main.TestCaseExecutor.runScript(TestCaseExecutor.java:448)
	at com.kms.katalon.core.main.TestCaseExecutor.doExecute(TestCaseExecutor.java:439)
	at com.kms.katalon.core.main.TestCaseExecutor.processExecutionPhase(TestCaseExecutor.java:418)
	at com.kms.katalon.core.main.TestCaseExecutor.accessMainPhase(TestCaseExecutor.java:410)
	at com.kms.katalon.core.main.TestCaseExecutor.execute(TestCaseExecutor.java:285)
	at com.kms.katalon.core.common.CommonExecutor.accessTestCaseMainPhase(CommonExecutor.java:65)
	at com.kms.katalon.core.main.TestSuiteExecutor.accessTestSuiteMainPhase(TestSuiteExecutor.java:150)
	at com.kms.katalon.core.main.TestSuiteExecutor.execute(TestSuiteExecutor.java:106)
	at com.kms.katalon.core.main.TestCaseMain.startTestSuite(TestCaseMain.java:180)
	at TempTestSuite1787051105390.run(TempTestSuite1787051105390.groovy:35)
	at java.base/jdk.internal.reflect.NativeMethodAccessorImpl.invoke0(Native Method)
	at java.base/jdk.internal.reflect.NativeMethodAccessorImpl.invoke(NativeMethodAccessorImpl.java:77)
	at java.base/jdk.internal.reflect.DelegatingMethodAccessorImpl.invoke(DelegatingMethodAccessorImpl.java:43)
Caused by: org.openqa.selenium.SessionNotCreatedException: session not created: This version of ChromeDriver only supports Chrome version 126
Current browser version is 151.0.7922.139 with binary path C:\Program Files\Google\Chrome\Application\chrome.exe
Build info: version: &amp;apos;3.141.59&amp;apos;, revision: &amp;apos;unknown&amp;apos;, time: &amp;apos;unknown&amp;apos;
System info: host: &amp;apos;DESKTOP-8DOPEV3&amp;apos;, ip: &amp;apos;192.168.18.96&amp;apos;, os.name: &amp;apos;Windows 10&amp;apos;, os.arch: &amp;apos;amd64&amp;apos;, os.version: &amp;apos;10.0&amp;apos;, java.version: &amp;apos;17.0.7&amp;apos;
Driver info: driver.version: CChromeDriver
remote stacktrace: 	GetHandleVerifier [0x00EA0E23+27667]
	(No symbol) [0x00E36B24]
	(No symbol) [0x00D31AFF]
	(No symbol) [0x00D64B1A]
	(No symbol) [0x00D63E7D]
	(No symbol) [0x00D5EDAE]
	(No symbol) [0x00D5ABD9]
	(No symbol) [0x00D9D523]
	(No symbol) [0x00D9CD4A]
	(No symbol) [0x00D936C6]
	(No symbol) [0x00D674D1]
	(No symbol) [0x00D6804D]
	GetHandleVerifier [0x01153CA3+2857619]
	GetHandleVerifier [0x011A7E0D+3202045]
	GetHandleVerifier [0x00F24624+566292]
	GetHandleVerifier [0x00F2B81C+595468]
	(No symbol) [0x00E3F914]
	(No symbol) [0x00E3C628]
	(No symbol) [0x00E3C7C7]
	(No symbol) [0x00E2E6BE]
	BaseThreadInitThunk [0x75DEFCC9+25]
	RtlGetAppContainerNamedObjectPath [0x76ED843E+286]
	RtlGetAppContainerNamedObjectPath [0x76ED840E+238]

	at java.base/jdk.internal.reflect.NativeConstructorAccessorImpl.newInstance0(Native Method)
	at java.base/jdk.internal.reflect.NativeConstructorAccessorImpl.newInstance(NativeConstructorAccessorImpl.java:77)
	at java.base/jdk.internal.reflect.DelegatingConstructorAccessorImpl.newInstance(DelegatingConstructorAccessorImpl.java:45)
	at org.openqa.selenium.remote.W3CHandshakeResponse.lambda$errorHandler$0(W3CHandshakeResponse.java:62)
	at org.openqa.selenium.remote.HandshakeResponse.lambda$getResponseFunction$0(HandshakeResponse.java:30)
	at org.openqa.selenium.remote.ProtocolHandshake.lambda$createSession$0(ProtocolHandshake.java:126)
	at org.openqa.selenium.remote.ProtocolHandshake.createSession(ProtocolHandshake.java:128)
	at org.openqa.selenium.remote.ProtocolHandshake.createSession(ProtocolHandshake.java:74)
	at org.openqa.selenium.remote.HttpCommandExecutor.execute(HttpCommandExecutor.java:136)
	at org.openqa.selenium.remote.service.DriverCommandExecutor.execute(DriverCommandExecutor.java:83)
	at org.openqa.selenium.remote.RemoteWebDriver.execute(RemoteWebDriver.java:552)
	at com.kms.katalon.selenium.driver.CChromeDriver.execute(CChromeDriver.java:19)
	at org.openqa.selenium.remote.RemoteWebDriver.startSession(RemoteWebDriver.java:213)
	at org.openqa.selenium.remote.RemoteWebDriver.&amp;lt;init&amp;gt;(RemoteWebDriver.java:131)
	at org.openqa.selenium.chrome.ChromeDriver.&amp;lt;init&amp;gt;(ChromeDriver.java:181)
	at org.openqa.selenium.chrome.ChromeDriver.&amp;lt;init&amp;gt;(ChromeDriver.java:147)
	at com.kms.katalon.selenium.driver.CChromeDriver.&amp;lt;init&amp;gt;(CChromeDriver.java:13)
	at com.kms.katalon.core.webui.driver.DriverFactory.createNewChromeDriver(DriverFactory.java:449)
	at com.kms.katalon.core.webui.driver.DriverFactory.startNewBrowser(DriverFactory.java:382)
	at com.kms.katalon.core.webui.driver.DriverFactory.openWebDriver(DriverFactory.java:271)
	at com.kms.katalon.core.webui.keyword.builtin.OpenBrowserKeyword$_openBrowser_closure1.doCall(OpenBrowserKeyword.groovy:74)
	at com.kms.katalon.core.webui.keyword.builtin.OpenBrowserKeyword$_openBrowser_closure1.call(OpenBrowserKeyword.groovy)
	at com.kms.katalon.core.webui.keyword.internal.WebUIKeywordMain.runKeyword(WebUIKeywordMain.groovy:20)
	at com.kms.katalon.core.webui.keyword.builtin.OpenBrowserKeyword.openBrowser(OpenBrowserKeyword.groovy:81)
	at com.kms.katalon.core.webui.keyword.builtin.OpenBrowserKeyword.execute(OpenBrowserKeyword.groovy:67)
	at com.kms.katalon.core.keyword.internal.KeywordExecutor.executeKeywordForPlatform(KeywordExecutor.groovy:74)
	at com.kms.katalon.core.webui.keyword.WebUiBuiltInKeywords.openBrowser(WebUiBuiltInKeywords.groovy:64)
	at Script1786471458684.run(Script1786471458684.groovy:20)
	... 15 more
)</message>
  <nestedLevel>1</nestedLevel>
  <escapedJava>false</escapedJava>
  <property name="failed.exception.class">org.openqa.selenium.SessionNotCreatedException</property>
  <property name="failed.exception.stacktrace">org.openqa.selenium.SessionNotCreatedException: session not created: This version of ChromeDriver only supports Chrome version 126
Current browser version is 151.0.7922.139 with binary path C:\Program Files\Google\Chrome\Application\chrome.exe
Build info: version: &apos;3.141.59&apos;, revision: &apos;unknown&apos;, time: &apos;unknown&apos;
System info: host: &apos;DESKTOP-8DOPEV3&apos;, ip: &apos;192.168.18.96&apos;, os.name: &apos;Windows 10&apos;, os.arch: &apos;amd64&apos;, os.version: &apos;10.0&apos;, java.version: &apos;17.0.7&apos;
Driver info: driver.version: CChromeDriver
remote stacktrace: 	GetHandleVerifier [0x00EA0E23+27667]
	(No symbol) [0x00E36B24]
	(No symbol) [0x00D31AFF]
	(No symbol) [0x00D64B1A]
	(No symbol) [0x00D63E7D]
	(No symbol) [0x00D5EDAE]
	(No symbol) [0x00D5ABD9]
	(No symbol) [0x00D9D523]
	(No symbol) [0x00D9CD4A]
	(No symbol) [0x00D936C6]
	(No symbol) [0x00D674D1]
	(No symbol) [0x00D6804D]
	GetHandleVerifier [0x01153CA3+2857619]
	GetHandleVerifier [0x011A7E0D+3202045]
	GetHandleVerifier [0x00F24624+566292]
	GetHandleVerifier [0x00F2B81C+595468]
	(No symbol) [0x00E3F914]
	(No symbol) [0x00E3C628]
	(No symbol) [0x00E3C7C7]
	(No symbol) [0x00E2E6BE]
	BaseThreadInitThunk [0x75DEFCC9+25]
	RtlGetAppContainerNamedObjectPath [0x76ED843E+286]
	RtlGetAppContainerNamedObjectPath [0x76ED840E+238]

	at java.base/jdk.internal.reflect.NativeConstructorAccessorImpl.newInstance0(Native Method)
	at java.base/jdk.internal.reflect.NativeConstructorAccessorImpl.newInstance(NativeConstructorAccessorImpl.java:77)
	at java.base/jdk.internal.reflect.DelegatingConstructorAccessorImpl.newInstance(DelegatingConstructorAccessorImpl.java:45)
	at org.openqa.selenium.remote.W3CHandshakeResponse.lambda$errorHandler$0(W3CHandshakeResponse.java:62)
	at org.openqa.selenium.remote.HandshakeResponse.lambda$getResponseFunction$0(HandshakeResponse.java:30)
	at org.openqa.selenium.remote.ProtocolHandshake.lambda$createSession$0(ProtocolHandshake.java:126)
	at org.openqa.selenium.remote.ProtocolHandshake.createSession(ProtocolHandshake.java:128)
	at org.openqa.selenium.remote.ProtocolHandshake.createSession(ProtocolHandshake.java:74)
	at org.openqa.selenium.remote.HttpCommandExecutor.execute(HttpCommandExecutor.java:136)
	at org.openqa.selenium.remote.service.DriverCommandExecutor.execute(DriverCommandExecutor.java:83)
	at org.openqa.selenium.remote.RemoteWebDriver.execute(RemoteWebDriver.java:552)
	at com.kms.katalon.selenium.driver.CChromeDriver.execute(CChromeDriver.java:19)
	at org.openqa.selenium.remote.RemoteWebDriver.startSession(RemoteWebDriver.java:213)
	at org.openqa.selenium.remote.RemoteWebDriver.&lt;init&gt;(RemoteWebDriver.java:131)
	at org.openqa.selenium.chrome.ChromeDriver.&lt;init&gt;(ChromeDriver.java:181)
	at org.openqa.selenium.chrome.ChromeDriver.&lt;init&gt;(ChromeDriver.java:147)
	at com.kms.katalon.selenium.driver.CChromeDriver.&lt;init&gt;(CChromeDriver.java:13)
	at com.kms.katalon.core.webui.driver.DriverFactory.createNewChromeDriver(DriverFactory.java:449)
	at com.kms.katalon.core.webui.driver.DriverFactory.startNewBrowser(DriverFactory.java:382)
	at com.kms.katalon.core.webui.driver.DriverFactory.openWebDriver(DriverFactory.java:271)
	at com.kms.katalon.core.webui.keyword.builtin.OpenBrowserKeyword$_openBrowser_closure1.doCall(OpenBrowserKeyword.groovy:74)
	at com.kms.katalon.core.webui.keyword.builtin.OpenBrowserKeyword$_openBrowser_closure1.call(OpenBrowserKeyword.groovy)
	at com.kms.katalon.core.webui.keyword.internal.WebUIKeywordMain.runKeyword(WebUIKeywordMain.groovy:20)
	at com.kms.katalon.core.webui.keyword.builtin.OpenBrowserKeyword.openBrowser(OpenBrowserKeyword.groovy:81)
	at com.kms.katalon.core.webui.keyword.builtin.OpenBrowserKeyword.execute(OpenBrowserKeyword.groovy:67)
	at com.kms.katalon.core.keyword.internal.KeywordExecutor.executeKeywordForPlatform(KeywordExecutor.groovy:74)
	at com.kms.katalon.core.webui.keyword.WebUiBuiltInKeywords.openBrowser(WebUiBuiltInKeywords.groovy:64)
	at add new test case.run(add new test case:20)
	at com.kms.katalon.core.main.ScriptEngine.run(ScriptEngine.java:194)
	at com.kms.katalon.core.main.ScriptEngine.runScriptAsRawText(ScriptEngine.java:119)
	at com.kms.katalon.core.main.TestCaseExecutor.runScript(TestCaseExecutor.java:448)
	at com.kms.katalon.core.main.TestCaseExecutor.doExecute(TestCaseExecutor.java:439)
	at com.kms.katalon.core.main.TestCaseExecutor.processExecutionPhase(TestCaseExecutor.java:418)
	at com.kms.katalon.core.main.TestCaseExecutor.accessMainPhase(TestCaseExecutor.java:410)
	at com.kms.katalon.core.main.TestCaseExecutor.execute(TestCaseExecutor.java:285)
	at com.kms.katalon.core.common.CommonExecutor.accessTestCaseMainPhase(CommonExecutor.java:65)
	at com.kms.katalon.core.main.TestSuiteExecutor.accessTestSuiteMainPhase(TestSuiteExecutor.java:150)
	at com.kms.katalon.core.main.TestSuiteExecutor.execute(TestSuiteExecutor.java:106)
	at com.kms.katalon.core.main.TestCaseMain.startTestSuite(TestCaseMain.java:180)
	at TempTestSuite1787051105390.run(TempTestSuite1787051105390.groovy:35)
	at java.base/jdk.internal.reflect.NativeMethodAccessorImpl.invoke0(Native Method)
	at java.base/jdk.internal.reflect.NativeMethodAccessorImpl.invoke(NativeMethodAccessorImpl.java:77)
	at java.base/jdk.internal.reflect.DelegatingMethodAccessorImpl.invoke(DelegatingMethodAccessorImpl.java:43)
</property>
  <property name="failed.exception.message">session not created: This version of ChromeDriver only supports Chrome version 126
Current browser version is 151.0.7922.139 with binary path C:\Program Files\Google\Chrome\Application\chrome.exe
Build info: version: &apos;3.141.59&apos;, revision: &apos;unknown&apos;, time: &apos;unknown&apos;
System info: host: &apos;DESKTOP-8DOPEV3&apos;, ip: &apos;192.168.18.96&apos;, os.name: &apos;Windows 10&apos;, os.arch: &apos;amd64&apos;, os.version: &apos;10.0&apos;, java.version: &apos;17.0.7&apos;
Driver info: driver.version: CChromeDriver
remote stacktrace: 	GetHandleVerifier [0x00EA0E23+27667]
	(No symbol) [0x00E36B24]
	(No symbol) [0x00D31AFF]
	(No symbol) [0x00D64B1A]
	(No symbol) [0x00D63E7D]
	(No symbol) [0x00D5EDAE]
	(No symbol) [0x00D5ABD9]
	(No symbol) [0x00D9D523]
	(No symbol) [0x00D9CD4A]
	(No symbol) [0x00D936C6]
	(No symbol) [0x00D674D1]
	(No symbol) [0x00D6804D]
	GetHandleVerifier [0x01153CA3+2857619]
	GetHandleVerifier [0x011A7E0D+3202045]
	GetHandleVerifier [0x00F24624+566292]
	GetHandleVerifier [0x00F2B81C+595468]
	(No symbol) [0x00E3F914]
	(No symbol) [0x00E3C628]
	(No symbol) [0x00E3C7C7]
	(No symbol) [0x00E2E6BE]
	BaseThreadInitThunk [0x75DEFCC9+25]
	RtlGetAppContainerNamedObjectPath [0x76ED843E+286]
	RtlGetAppContainerNamedObjectPath [0x76ED840E+238]
</property>
</record>
<record>
  <date>2026-08-18T11:05:12.358100600Z</date>
  <millis>1787051112358</millis>
  <nanos>100600</nanos>
  <sequence>18</sequence>
  <level>END</level>
  <class>com.kms.katalon.core.logging.XmlKeywordLogger</class>
  <method>endKeyword</method>
  <thread>1</thread>
  <message>End action : openBrowser(&amp;quot;&amp;quot;)</message>
  <nestedLevel>1</nestedLevel>
  <escapedJava>false</escapedJava>
</record>
<record>
  <date>2026-08-18T11:05:12.360100100Z</date>
  <millis>1787051112360</millis>
  <nanos>100100</nanos>
  <sequence>21</sequence>
  <level>FAILED</level>
  <class>com.kms.katalon.core.logging.XmlKeywordLogger</class>
  <method>logMessage</method>
  <thread>1</thread>
  <message>Test Cases/add new test case FAILED.
Reason:
com.kms.katalon.core.exception.StepFailedException: Unable to open browser with url: &amp;apos;&amp;apos;
	at com.kms.katalon.core.webui.keyword.internal.WebUIKeywordMain.stepFailed(WebUIKeywordMain.groovy:64)
	at com.kms.katalon.core.webui.keyword.internal.WebUIKeywordMain.runKeyword(WebUIKeywordMain.groovy:26)
	at com.kms.katalon.core.webui.keyword.builtin.OpenBrowserKeyword.openBrowser(OpenBrowserKeyword.groovy:81)
	at com.kms.katalon.core.webui.keyword.builtin.OpenBrowserKeyword.execute(OpenBrowserKeyword.groovy:67)
	at com.kms.katalon.core.keyword.internal.KeywordExecutor.executeKeywordForPlatform(KeywordExecutor.groovy:74)
	at com.kms.katalon.core.webui.keyword.WebUiBuiltInKeywords.openBrowser(WebUiBuiltInKeywords.groovy:64)
	at add new test case.run(add new test case:20)
	at com.kms.katalon.core.main.ScriptEngine.run(ScriptEngine.java:194)
	at com.kms.katalon.core.main.ScriptEngine.runScriptAsRawText(ScriptEngine.java:119)
	at com.kms.katalon.core.main.TestCaseExecutor.runScript(TestCaseExecutor.java:448)
	at com.kms.katalon.core.main.TestCaseExecutor.doExecute(TestCaseExecutor.java:439)
	at com.kms.katalon.core.main.TestCaseExecutor.processExecutionPhase(TestCaseExecutor.java:418)
	at com.kms.katalon.core.main.TestCaseExecutor.accessMainPhase(TestCaseExecutor.java:410)
	at com.kms.katalon.core.main.TestCaseExecutor.execute(TestCaseExecutor.java:285)
	at com.kms.katalon.core.common.CommonExecutor.accessTestCaseMainPhase(CommonExecutor.java:65)
	at com.kms.katalon.core.main.TestSuiteExecutor.accessTestSuiteMainPhase(TestSuiteExecutor.java:150)
	at com.kms.katalon.core.main.TestSuiteExecutor.execute(TestSuiteExecutor.java:106)
	at com.kms.katalon.core.main.TestCaseMain.startTestSuite(TestCaseMain.java:180)
	at TempTestSuite1787051105390.run(TempTestSuite1787051105390.groovy:35)
	at java.base/jdk.internal.reflect.NativeMethodAccessorImpl.invoke0(Native Method)
	at java.base/jdk.internal.reflect.NativeMethodAccessorImpl.invoke(NativeMethodAccessorImpl.java:77)
	at java.base/jdk.internal.reflect.DelegatingMethodAccessorImpl.invoke(DelegatingMethodAccessorImpl.java:43)
Caused by: org.openqa.selenium.SessionNotCreatedException: session not created: This version of ChromeDriver only supports Chrome version 126
Current browser version is 151.0.7922.139 with binary path C:\Program Files\Google\Chrome\Application\chrome.exe
Build info: version: &amp;apos;3.141.59&amp;apos;, revision: &amp;apos;unknown&amp;apos;, time: &amp;apos;unknown&amp;apos;
System info: host: &amp;apos;DESKTOP-8DOPEV3&amp;apos;, ip: &amp;apos;192.168.18.96&amp;apos;, os.name: &amp;apos;Windows 10&amp;apos;, os.arch: &amp;apos;amd64&amp;apos;, os.version: &amp;apos;10.0&amp;apos;, java.version: &amp;apos;17.0.7&amp;apos;
Driver info: driver.version: CChromeDriver
remote stacktrace: 	GetHandleVerifier [0x00EA0E23+27667]
	(No symbol) [0x00E36B24]
	(No symbol) [0x00D31AFF]
	(No symbol) [0x00D64B1A]
	(No symbol) [0x00D63E7D]
	(No symbol) [0x00D5EDAE]
	(No symbol) [0x00D5ABD9]
	(No symbol) [0x00D9D523]
	(No symbol) [0x00D9CD4A]
	(No symbol) [0x00D936C6]
	(No symbol) [0x00D674D1]
	(No symbol) [0x00D6804D]
	GetHandleVerifier [0x01153CA3+2857619]
	GetHandleVerifier [0x011A7E0D+3202045]
	GetHandleVerifier [0x00F24624+566292]
	GetHandleVerifier [0x00F2B81C+595468]
	(No symbol) [0x00E3F914]
	(No symbol) [0x00E3C628]
	(No symbol) [0x00E3C7C7]
	(No symbol) [0x00E2E6BE]
	BaseThreadInitThunk [0x75DEFCC9+25]
	RtlGetAppContainerNamedObjectPath [0x76ED843E+286]
	RtlGetAppContainerNamedObjectPath [0x76ED840E+238]

	at java.base/jdk.internal.reflect.NativeConstructorAccessorImpl.newInstance0(Native Method)
	at java.base/jdk.internal.reflect.NativeConstructorAccessorImpl.newInstance(NativeConstructorAccessorImpl.java:77)
	at java.base/jdk.internal.reflect.DelegatingConstructorAccessorImpl.newInstance(DelegatingConstructorAccessorImpl.java:45)
	at org.openqa.selenium.remote.W3CHandshakeResponse.lambda$errorHandler$0(W3CHandshakeResponse.java:62)
	at org.openqa.selenium.remote.HandshakeResponse.lambda$getResponseFunction$0(HandshakeResponse.java:30)
	at org.openqa.selenium.remote.ProtocolHandshake.lambda$createSession$0(ProtocolHandshake.java:126)
	at org.openqa.selenium.remote.ProtocolHandshake.createSession(ProtocolHandshake.java:128)
	at org.openqa.selenium.remote.ProtocolHandshake.createSession(ProtocolHandshake.java:74)
	at org.openqa.selenium.remote.HttpCommandExecutor.execute(HttpCommandExecutor.java:136)
	at org.openqa.selenium.remote.service.DriverCommandExecutor.execute(DriverCommandExecutor.java:83)
	at org.openqa.selenium.remote.RemoteWebDriver.execute(RemoteWebDriver.java:552)
	at com.kms.katalon.selenium.driver.CChromeDriver.execute(CChromeDriver.java:19)
	at org.openqa.selenium.remote.RemoteWebDriver.startSession(RemoteWebDriver.java:213)
	at org.openqa.selenium.remote.RemoteWebDriver.&amp;lt;init&amp;gt;(RemoteWebDriver.java:131)
	at org.openqa.selenium.chrome.ChromeDriver.&amp;lt;init&amp;gt;(ChromeDriver.java:181)
	at org.openqa.selenium.chrome.ChromeDriver.&amp;lt;init&amp;gt;(ChromeDriver.java:147)
	at com.kms.katalon.selenium.driver.CChromeDriver.&amp;lt;init&amp;gt;(CChromeDriver.java:13)
	at com.kms.katalon.core.webui.driver.DriverFactory.createNewChromeDriver(DriverFactory.java:449)
	at com.kms.katalon.core.webui.driver.DriverFactory.startNewBrowser(DriverFactory.java:382)
	at com.kms.katalon.core.webui.driver.DriverFactory.openWebDriver(DriverFactory.java:271)
	at com.kms.katalon.core.webui.keyword.builtin.OpenBrowserKeyword$_openBrowser_closure1.doCall(OpenBrowserKeyword.groovy:74)
	at com.kms.katalon.core.webui.keyword.builtin.OpenBrowserKeyword$_openBrowser_closure1.call(OpenBrowserKeyword.groovy)
	at com.kms.katalon.core.webui.keyword.internal.WebUIKeywordMain.runKeyword(WebUIKeywordMain.groovy:20)
	... 20 more
</message>
  <exception>
    <message>com.kms.katalon.core.exception.StepFailedException: Unable to open browser with url: ''</message>
    <frame>
      <class>com.kms.katalon.core.webui.keyword.internal.WebUIKeywordMain</class>
      <method>stepFailed</method>
      <line>64</line>
    </frame>
    <frame>
      <class>com.kms.katalon.core.webui.keyword.internal.WebUIKeywordMain</class>
      <method>runKeyword</method>
      <line>26</line>
    </frame>
    <frame>
      <class>com.kms.katalon.core.webui.keyword.builtin.OpenBrowserKeyword</class>
      <method>openBrowser</method>
      <line>81</line>
    </frame>
    <frame>
      <class>com.kms.katalon.core.webui.keyword.builtin.OpenBrowserKeyword</class>
      <method>execute</method>
      <line>67</line>
    </frame>
    <frame>
      <class>com.kms.katalon.core.keyword.internal.KeywordExecutor</class>
      <method>executeKeywordForPlatform</method>
      <line>74</line>
    </frame>
    <frame>
      <class>com.kms.katalon.core.webui.keyword.WebUiBuiltInKeywords</class>
      <method>openBrowser</method>
      <line>64</line>
    </frame>
    <frame>
      <class>add new test case</class>
      <method>run</method>
      <line>20</line>
    </frame>
    <frame>
      <class>com.kms.katalon.core.main.ScriptEngine</class>
      <method>run</method>
      <line>194</line>
    </frame>
    <frame>
      <class>com.kms.katalon.core.main.ScriptEngine</class>
      <method>runScriptAsRawText</method>
      <line>119</line>
    </frame>
    <frame>
      <class>com.kms.katalon.core.main.TestCaseExecutor</class>
      <method>runScript</method>
      <line>448</line>
    </frame>
    <frame>
      <class>com.kms.katalon.core.main.TestCaseExecutor</class>
      <method>doExecute</method>
      <line>439</line>
    </frame>
    <frame>
      <class>com.kms.katalon.core.main.TestCaseExecutor</class>
      <method>processExecutionPhase</method>
      <line>418</line>
    </frame>
    <frame>
      <class>com.kms.katalon.core.main.TestCaseExecutor</class>
      <method>accessMainPhase</method>
      <line>410</line>
    </frame>
    <frame>
      <class>com.kms.katalon.core.main.TestCaseExecutor</class>
      <method>execute</method>
      <line>285</line>
    </frame>
    <frame>
      <class>com.kms.katalon.core.common.CommonExecutor</class>
      <method>accessTestCaseMainPhase</method>
      <line>65</line>
    </frame>
    <frame>
      <class>com.kms.katalon.core.main.TestSuiteExecutor</class>
      <method>accessTestSuiteMainPhase</method>
      <line>150</line>
    </frame>
    <frame>
      <class>com.kms.katalon.core.main.TestSuiteExecutor</class>
      <method>execute</method>
      <line>106</line>
    </frame>
    <frame>
      <class>com.kms.katalon.core.main.TestCaseMain</class>
      <method>startTestSuite</method>
      <line>180</line>
    </frame>
    <frame>
      <class>TempTestSuite1787051105390</class>
      <method>run</method>
      <line>35</line>
    </frame>
    <frame>
      <class>jdk.internal.reflect.NativeMethodAccessorImpl</class>
      <method>invoke0</method>
    </frame>
    <frame>
      <class>jdk.internal.reflect.NativeMethodAccessorImpl</class>
      <method>invoke</method>
      <line>77</line>
    </frame>
    <frame>
      <class>jdk.internal.reflect.DelegatingMethodAccessorImpl</class>
      <method>invoke</method>
      <line>43</line>
    </frame>
  </exception>
  <nestedLevel>0</nestedLevel>
  <escapedJava>false</escapedJava>
  <property name="failed.exception.stacktrace">org.openqa.selenium.SessionNotCreatedException: session not created: This version of ChromeDriver only supports Chrome version 126
Current browser version is 151.0.7922.139 with binary path C:\Program Files\Google\Chrome\Application\chrome.exe
Build info: version: &apos;3.141.59&apos;, revision: &apos;unknown&apos;, time: &apos;unknown&apos;
System info: host: &apos;DESKTOP-8DOPEV3&apos;, ip: &apos;192.168.18.96&apos;, os.name: &apos;Windows 10&apos;, os.arch: &apos;amd64&apos;, os.version: &apos;10.0&apos;, java.version: &apos;17.0.7&apos;
Driver info: driver.version: CChromeDriver
remote stacktrace: 	GetHandleVerifier [0x00EA0E23+27667]
	(No symbol) [0x00E36B24]
	(No symbol) [0x00D31AFF]
	(No symbol) [0x00D64B1A]
	(No symbol) [0x00D63E7D]
	(No symbol) [0x00D5EDAE]
	(No symbol) [0x00D5ABD9]
	(No symbol) [0x00D9D523]
	(No symbol) [0x00D9CD4A]
	(No symbol) [0x00D936C6]
	(No symbol) [0x00D674D1]
	(No symbol) [0x00D6804D]
	GetHandleVerifier [0x01153CA3+2857619]
	GetHandleVerifier [0x011A7E0D+3202045]
	GetHandleVerifier [0x00F24624+566292]
	GetHandleVerifier [0x00F2B81C+595468]
	(No symbol) [0x00E3F914]
	(No symbol) [0x00E3C628]
	(No symbol) [0x00E3C7C7]
	(No symbol) [0x00E2E6BE]
	BaseThreadInitThunk [0x75DEFCC9+25]
	RtlGetAppContainerNamedObjectPath [0x76ED843E+286]
	RtlGetAppContainerNamedObjectPath [0x76ED840E+238]

	at java.base/jdk.internal.reflect.NativeConstructorAccessorImpl.newInstance0(Native Method)
	at java.base/jdk.internal.reflect.NativeConstructorAccessorImpl.newInstance(NativeConstructorAccessorImpl.java:77)
	at java.base/jdk.internal.reflect.DelegatingConstructorAccessorImpl.newInstance(DelegatingConstructorAccessorImpl.java:45)
	at org.openqa.selenium.remote.W3CHandshakeResponse.lambda$errorHandler$0(W3CHandshakeResponse.java:62)
	at org.openqa.selenium.remote.HandshakeResponse.lambda$getResponseFunction$0(HandshakeResponse.java:30)
	at org.openqa.selenium.remote.ProtocolHandshake.lambda$createSession$0(ProtocolHandshake.java:126)
	at org.openqa.selenium.remote.ProtocolHandshake.createSession(ProtocolHandshake.java:128)
	at org.openqa.selenium.remote.ProtocolHandshake.createSession(ProtocolHandshake.java:74)
	at org.openqa.selenium.remote.HttpCommandExecutor.execute(HttpCommandExecutor.java:136)
	at org.openqa.selenium.remote.service.DriverCommandExecutor.execute(DriverCommandExecutor.java:83)
	at org.openqa.selenium.remote.RemoteWebDriver.execute(RemoteWebDriver.java:552)
	at com.kms.katalon.selenium.driver.CChromeDriver.execute(CChromeDriver.java:19)
	at org.openqa.selenium.remote.RemoteWebDriver.startSession(RemoteWebDriver.java:213)
	at org.openqa.selenium.remote.RemoteWebDriver.&lt;init&gt;(RemoteWebDriver.java:131)
	at org.openqa.selenium.chrome.ChromeDriver.&lt;init&gt;(ChromeDriver.java:181)
	at org.openqa.selenium.chrome.ChromeDriver.&lt;init&gt;(ChromeDriver.java:147)
	at com.kms.katalon.selenium.driver.CChromeDriver.&lt;init&gt;(CChromeDriver.java:13)
	at com.kms.katalon.core.webui.driver.DriverFactory.createNewChromeDriver(DriverFactory.java:449)
	at com.kms.katalon.core.webui.driver.DriverFactory.startNewBrowser(DriverFactory.java:382)
	at com.kms.katalon.core.webui.driver.DriverFactory.openWebDriver(DriverFactory.java:271)
	at com.kms.katalon.core.webui.keyword.builtin.OpenBrowserKeyword$_openBrowser_closure1.doCall(OpenBrowserKeyword.groovy:74)
	at com.kms.katalon.core.webui.keyword.builtin.OpenBrowserKeyword$_openBrowser_closure1.call(OpenBrowserKeyword.groovy)
	at com.kms.katalon.core.webui.keyword.internal.WebUIKeywordMain.runKeyword(WebUIKeywordMain.groovy:20)
	at com.kms.katalon.core.webui.keyword.builtin.OpenBrowserKeyword.openBrowser(OpenBrowserKeyword.groovy:81)
	at com.kms.katalon.core.webui.keyword.builtin.OpenBrowserKeyword.execute(OpenBrowserKeyword.groovy:67)
	at com.kms.katalon.core.keyword.internal.KeywordExecutor.executeKeywordForPlatform(KeywordExecutor.groovy:74)
	at com.kms.katalon.core.webui.keyword.WebUiBuiltInKeywords.openBrowser(WebUiBuiltInKeywords.groovy:64)
	at add new test case.run(add new test case:20)
	at com.kms.katalon.core.main.ScriptEngine.run(ScriptEngine.java:194)
	at com.kms.katalon.core.main.ScriptEngine.runScriptAsRawText(ScriptEngine.java:119)
	at com.kms.katalon.core.main.TestCaseExecutor.runScript(TestCaseExecutor.java:448)
	at com.kms.katalon.core.main.TestCaseExecutor.doExecute(TestCaseExecutor.java:439)
	at com.kms.katalon.core.main.TestCaseExecutor.processExecutionPhase(TestCaseExecutor.java:418)
	at com.kms.katalon.core.main.TestCaseExecutor.accessMainPhase(TestCaseExecutor.java:410)
	at com.kms.katalon.core.main.TestCaseExecutor.execute(TestCaseExecutor.java:285)
	at com.kms.katalon.core.common.CommonExecutor.accessTestCaseMainPhase(CommonExecutor.java:65)
	at com.kms.katalon.core.main.TestSuiteExecutor.accessTestSuiteMainPhase(TestSuiteExecutor.java:150)
	at com.kms.katalon.core.main.TestSuiteExecutor.execute(TestSuiteExecutor.java:106)
	at com.kms.katalon.core.main.TestCaseMain.startTestSuite(TestCaseMain.java:180)
	at TempTestSuite1787051105390.run(TempTestSuite1787051105390.groovy:35)
	at java.base/jdk.internal.reflect.NativeMethodAccessorImpl.invoke0(Native Method)
	at java.base/jdk.internal.reflect.NativeMethodAccessorImpl.invoke(NativeMethodAccessorImpl.java:77)
	at java.base/jdk.internal.reflect.DelegatingMethodAccessorImpl.invoke(DelegatingMethodAccessorImpl.java:43)
</property>
  <property name="failed.exception.class">org.openqa.selenium.SessionNotCreatedException</property>
  <property name="failed.exception.message">session not created: This version of ChromeDriver only supports Chrome version 126
Current browser version is 151.0.7922.139 with binary path C:\Program Files\Google\Chrome\Application\chrome.exe
Build info: version: &apos;3.141.59&apos;, revision: &apos;unknown&apos;, time: &apos;unknown&apos;
System info: host: &apos;DESKTOP-8DOPEV3&apos;, ip: &apos;192.168.18.96&apos;, os.name: &apos;Windows 10&apos;, os.arch: &apos;amd64&apos;, os.version: &apos;10.0&apos;, java.version: &apos;17.0.7&apos;
Driver info: driver.version: CChromeDriver
remote stacktrace: 	GetHandleVerifier [0x00EA0E23+27667]
	(No symbol) [0x00E36B24]
	(No symbol) [0x00D31AFF]
	(No symbol) [0x00D64B1A]
	(No symbol) [0x00D63E7D]
	(No symbol) [0x00D5EDAE]
	(No symbol) [0x00D5ABD9]
	(No symbol) [0x00D9D523]
	(No symbol) [0x00D9CD4A]
	(No symbol) [0x00D936C6]
	(No symbol) [0x00D674D1]
	(No symbol) [0x00D6804D]
	GetHandleVerifier [0x01153CA3+2857619]
	GetHandleVerifier [0x011A7E0D+3202045]
	GetHandleVerifier [0x00F24624+566292]
	GetHandleVerifier [0x00F2B81C+595468]
	(No symbol) [0x00E3F914]
	(No symbol) [0x00E3C628]
	(No symbol) [0x00E3C7C7]
	(No symbol) [0x00E2E6BE]
	BaseThreadInitThunk [0x75DEFCC9+25]
	RtlGetAppContainerNamedObjectPath [0x76ED843E+286]
	RtlGetAppContainerNamedObjectPath [0x76ED840E+238]
</property>
</record>
<record>
  <date>2026-08-18T11:05:12.372101500Z</date>
  <millis>1787051112372</millis>
  <nanos>101500</nanos>
  <sequence>23</sequence>
  <level>END</level>
  <class>com.kms.katalon.core.logging.XmlKeywordLogger</class>
  <method>endTest</method>
  <thread>1</thread>
  <message>End Test Case : Test Cases/add new test case</message>
  <nestedLevel>0</nestedLevel>
  <escapedJava>false</escapedJava>
  <property name="executionBindingVariables">[]</property>
  <property name="applitools">false</property>
  <property name="remainingRetryCount">3</property>
  <property name="currentRetryCount">0</property>
  <property name="keywordsUsage">{
  &quot;web_ui&quot;: true,
  &quot;web_service&quot;: false,
  &quot;cucumber&quot;: false,
  &quot;builtin&quot;: false,
  &quot;mobile&quot;: false,
  &quot;windows&quot;: false,
  &quot;testng&quot;: false
}</property>
</record>
<record>
  <date>2026-08-18T11:05:12.379101400Z</date>
  <millis>1787051112379</millis>
  <nanos>101400</nanos>
  <sequence>24</sequence>
  <level>START</level>
  <class>com.kms.katalon.core.logging.XmlKeywordLogger</class>
  <method>startTest</method>
  <thread>1</thread>
  <message>Start Test Case : Test Cases/add new test case</message>
  <nestedLevel>1</nestedLevel>
  <escapedJava>false</escapedJava>
  <property name="remainingRetryCount">2</property>
  <property name="name">Test Cases/add new test case</property>
  <property name="description"></property>
  <property name="iteration"></property>
  <property name="id">Test Cases/add new test case</property>
  <property name="source">C:\Users\Pc p\git\katalon_automation_testing\Test Cases\add new test case.tc</property>
  <property name="tag"></property>
  <property name="isOptional">false</property>
  <property name="currentRetryCount">1</property>
</record>
<record>
  <date>2026-08-18T11:05:12.408100Z</date>
  <millis>1787051112408</millis>
  <nanos>100000</nanos>
  <sequence>26</sequence>
  <level>START</level>
  <class>com.kms.katalon.core.logging.XmlKeywordLogger</class>
  <method>startKeyword</method>
  <thread>1</thread>
  <message>Start action : openBrowser(&amp;quot;&amp;quot;)</message>
  <nestedLevel>1</nestedLevel>
  <escapedJava>false</escapedJava>
  <property name="startLine">20</property>
  <property name="stepIndex">1</property>
</record>
<record>
  <date>2026-08-18T11:05:12.418100900Z</date>
  <millis>1787051112418</millis>
  <nanos>100900</nanos>
  <sequence>28</sequence>
  <level>INFO</level>
  <class>com.kms.katalon.core.logging.XmlKeywordLogger</class>
  <method>logMessage</method>
  <thread>1</thread>
  <message>Starting &amp;apos;Chrome&amp;apos; driver</message>
  <nestedLevel>1</nestedLevel>
  <escapedJava>false</escapedJava>
</record>
<record>
  <date>2026-08-18T11:05:12.423108900Z</date>
  <millis>1787051112423</millis>
  <nanos>108900</nanos>
  <sequence>30</sequence>
  <level>INFO</level>
  <class>com.kms.katalon.core.logging.XmlKeywordLogger</class>
  <method>logMessage</method>
  <thread>1</thread>
  <message>Action delay is set to 0 milliseconds</message>
  <nestedLevel>1</nestedLevel>
  <escapedJava>false</escapedJava>
</record>
<record>
  <date>2026-08-18T11:05:13.220104700Z</date>
  <millis>1787051113220</millis>
  <nanos>104700</nanos>
  <sequence>34</sequence>
  <level>FAILED</level>
  <class>com.kms.katalon.core.logging.XmlKeywordLogger</class>
  <method>logMessage</method>
  <thread>1</thread>
  <message>Unable to open browser with url: &amp;apos;&amp;apos; (Root cause: com.kms.katalon.core.exception.StepFailedException: Unable to open browser with url: &amp;apos;&amp;apos;
	at com.kms.katalon.core.webui.keyword.internal.WebUIKeywordMain.stepFailed(WebUIKeywordMain.groovy:64)
	at com.kms.katalon.core.webui.keyword.internal.WebUIKeywordMain.runKeyword(WebUIKeywordMain.groovy:26)
	at com.kms.katalon.core.webui.keyword.builtin.OpenBrowserKeyword.openBrowser(OpenBrowserKeyword.groovy:81)
	at com.kms.katalon.core.webui.keyword.builtin.OpenBrowserKeyword.execute(OpenBrowserKeyword.groovy:67)
	at com.kms.katalon.core.keyword.internal.KeywordExecutor.executeKeywordForPlatform(KeywordExecutor.groovy:74)
	at com.kms.katalon.core.webui.keyword.WebUiBuiltInKeywords.openBrowser(WebUiBuiltInKeywords.groovy:64)
	at add new test case.run(add new test case:20)
	at com.kms.katalon.core.main.ScriptEngine.run(ScriptEngine.java:194)
	at com.kms.katalon.core.main.ScriptEngine.runScriptAsRawText(ScriptEngine.java:119)
	at com.kms.katalon.core.main.TestCaseExecutor.runScript(TestCaseExecutor.java:448)
	at com.kms.katalon.core.main.TestCaseExecutor.doExecute(TestCaseExecutor.java:439)
	at com.kms.katalon.core.main.TestCaseExecutor.processExecutionPhase(TestCaseExecutor.java:418)
	at com.kms.katalon.core.main.TestCaseExecutor.accessMainPhase(TestCaseExecutor.java:410)
	at com.kms.katalon.core.main.TestCaseExecutor.execute(TestCaseExecutor.java:285)
	at com.kms.katalon.core.main.TestCaseExecutor.execute(TestCaseExecutor.java:369)
	at com.kms.katalon.core.common.CommonExecutor.accessTestCaseMainPhase(CommonExecutor.java:65)
	at com.kms.katalon.core.main.TestSuiteExecutor.accessTestSuiteMainPhase(TestSuiteExecutor.java:150)
	at com.kms.katalon.core.main.TestSuiteExecutor.execute(TestSuiteExecutor.java:106)
	at com.kms.katalon.core.main.TestCaseMain.startTestSuite(TestCaseMain.java:180)
	at TempTestSuite1787051105390.run(TempTestSuite1787051105390.groovy:35)
	at java.base/jdk.internal.reflect.NativeMethodAccessorImpl.invoke0(Native Method)
	at java.base/jdk.internal.reflect.NativeMethodAccessorImpl.invoke(NativeMethodAccessorImpl.java:77)
	at java.base/jdk.internal.reflect.DelegatingMethodAccessorImpl.invoke(DelegatingMethodAccessorImpl.java:43)
Caused by: org.openqa.selenium.SessionNotCreatedException: session not created: This version of ChromeDriver only supports Chrome version 126
Current browser version is 151.0.7922.139 with binary path C:\Program Files\Google\Chrome\Application\chrome.exe
Build info: version: &amp;apos;3.141.59&amp;apos;, revision: &amp;apos;unknown&amp;apos;, time: &amp;apos;unknown&amp;apos;
System info: host: &amp;apos;DESKTOP-8DOPEV3&amp;apos;, ip: &amp;apos;192.168.18.96&amp;apos;, os.name: &amp;apos;Windows 10&amp;apos;, os.arch: &amp;apos;amd64&amp;apos;, os.version: &amp;apos;10.0&amp;apos;, java.version: &amp;apos;17.0.7&amp;apos;
Driver info: driver.version: CChromeDriver
remote stacktrace: 	GetHandleVerifier [0x00EA0E23+27667]
	(No symbol) [0x00E36B24]
	(No symbol) [0x00D31AFF]
	(No symbol) [0x00D64B1A]
	(No symbol) [0x00D63E7D]
	(No symbol) [0x00D5EDAE]
	(No symbol) [0x00D5ABD9]
	(No symbol) [0x00D9D523]
	(No symbol) [0x00D9CD4A]
	(No symbol) [0x00D936C6]
	(No symbol) [0x00D674D1]
	(No symbol) [0x00D6804D]
	GetHandleVerifier [0x01153CA3+2857619]
	GetHandleVerifier [0x011A7E0D+3202045]
	GetHandleVerifier [0x00F24624+566292]
	GetHandleVerifier [0x00F2B81C+595468]
	(No symbol) [0x00E3F914]
	(No symbol) [0x00E3C628]
	(No symbol) [0x00E3C7C7]
	(No symbol) [0x00E2E6BE]
	BaseThreadInitThunk [0x75DEFCC9+25]
	RtlGetAppContainerNamedObjectPath [0x76ED843E+286]
	RtlGetAppContainerNamedObjectPath [0x76ED840E+238]

	at java.base/jdk.internal.reflect.NativeConstructorAccessorImpl.newInstance0(Native Method)
	at java.base/jdk.internal.reflect.NativeConstructorAccessorImpl.newInstance(NativeConstructorAccessorImpl.java:77)
	at java.base/jdk.internal.reflect.DelegatingConstructorAccessorImpl.newInstance(DelegatingConstructorAccessorImpl.java:45)
	at org.openqa.selenium.remote.W3CHandshakeResponse.lambda$errorHandler$0(W3CHandshakeResponse.java:62)
	at org.openqa.selenium.remote.HandshakeResponse.lambda$getResponseFunction$0(HandshakeResponse.java:30)
	at org.openqa.selenium.remote.ProtocolHandshake.lambda$createSession$0(ProtocolHandshake.java:126)
	at org.openqa.selenium.remote.ProtocolHandshake.createSession(ProtocolHandshake.java:128)
	at org.openqa.selenium.remote.ProtocolHandshake.createSession(ProtocolHandshake.java:74)
	at org.openqa.selenium.remote.HttpCommandExecutor.execute(HttpCommandExecutor.java:136)
	at org.openqa.selenium.remote.service.DriverCommandExecutor.execute(DriverCommandExecutor.java:83)
	at org.openqa.selenium.remote.RemoteWebDriver.execute(RemoteWebDriver.java:552)
	at com.kms.katalon.selenium.driver.CChromeDriver.execute(CChromeDriver.java:19)
	at org.openqa.selenium.remote.RemoteWebDriver.startSession(RemoteWebDriver.java:213)
	at org.openqa.selenium.remote.RemoteWebDriver.&amp;lt;init&amp;gt;(RemoteWebDriver.java:131)
	at org.openqa.selenium.chrome.ChromeDriver.&amp;lt;init&amp;gt;(ChromeDriver.java:181)
	at org.openqa.selenium.chrome.ChromeDriver.&amp;lt;init&amp;gt;(ChromeDriver.java:147)
	at com.kms.katalon.selenium.driver.CChromeDriver.&amp;lt;init&amp;gt;(CChromeDriver.java:13)
	at com.kms.katalon.core.webui.driver.DriverFactory.createNewChromeDriver(DriverFactory.java:449)
	at com.kms.katalon.core.webui.driver.DriverFactory.startNewBrowser(DriverFactory.java:382)
	at com.kms.katalon.core.webui.driver.DriverFactory.openWebDriver(DriverFactory.java:271)
	at com.kms.katalon.core.webui.keyword.builtin.OpenBrowserKeyword$_openBrowser_closure1.doCall(OpenBrowserKeyword.groovy:74)
	at com.kms.katalon.core.webui.keyword.builtin.OpenBrowserKeyword$_openBrowser_closure1.call(OpenBrowserKeyword.groovy)
	at com.kms.katalon.core.webui.keyword.internal.WebUIKeywordMain.runKeyword(WebUIKeywordMain.groovy:20)
	at com.kms.katalon.core.webui.keyword.builtin.OpenBrowserKeyword.openBrowser(OpenBrowserKeyword.groovy:81)
	at com.kms.katalon.core.webui.keyword.builtin.OpenBrowserKeyword.execute(OpenBrowserKeyword.groovy:67)
	at com.kms.katalon.core.keyword.internal.KeywordExecutor.executeKeywordForPlatform(KeywordExecutor.groovy:74)
	at com.kms.katalon.core.webui.keyword.WebUiBuiltInKeywords.openBrowser(WebUiBuiltInKeywords.groovy:64)
	at Script1786471458684.run(Script1786471458684.groovy:20)
	... 16 more
)</message>
  <nestedLevel>1</nestedLevel>
  <escapedJava>false</escapedJava>
  <property name="failed.exception.class">org.openqa.selenium.SessionNotCreatedException</property>
  <property name="failed.exception.stacktrace">org.openqa.selenium.SessionNotCreatedException: session not created: This version of ChromeDriver only supports Chrome version 126
Current browser version is 151.0.7922.139 with binary path C:\Program Files\Google\Chrome\Application\chrome.exe
Build info: version: &apos;3.141.59&apos;, revision: &apos;unknown&apos;, time: &apos;unknown&apos;
System info: host: &apos;DESKTOP-8DOPEV3&apos;, ip: &apos;192.168.18.96&apos;, os.name: &apos;Windows 10&apos;, os.arch: &apos;amd64&apos;, os.version: &apos;10.0&apos;, java.version: &apos;17.0.7&apos;
Driver info: driver.version: CChromeDriver
remote stacktrace: 	GetHandleVerifier [0x00EA0E23+27667]
	(No symbol) [0x00E36B24]
	(No symbol) [0x00D31AFF]
	(No symbol) [0x00D64B1A]
	(No symbol) [0x00D63E7D]
	(No symbol) [0x00D5EDAE]
	(No symbol) [0x00D5ABD9]
	(No symbol) [0x00D9D523]
	(No symbol) [0x00D9CD4A]
	(No symbol) [0x00D936C6]
	(No symbol) [0x00D674D1]
	(No symbol) [0x00D6804D]
	GetHandleVerifier [0x01153CA3+2857619]
	GetHandleVerifier [0x011A7E0D+3202045]
	GetHandleVerifier [0x00F24624+566292]
	GetHandleVerifier [0x00F2B81C+595468]
	(No symbol) [0x00E3F914]
	(No symbol) [0x00E3C628]
	(No symbol) [0x00E3C7C7]
	(No symbol) [0x00E2E6BE]
	BaseThreadInitThunk [0x75DEFCC9+25]
	RtlGetAppContainerNamedObjectPath [0x76ED843E+286]
	RtlGetAppContainerNamedObjectPath [0x76ED840E+238]

	at java.base/jdk.internal.reflect.NativeConstructorAccessorImpl.newInstance0(Native Method)
	at java.base/jdk.internal.reflect.NativeConstructorAccessorImpl.newInstance(NativeConstructorAccessorImpl.java:77)
	at java.base/jdk.internal.reflect.DelegatingConstructorAccessorImpl.newInstance(DelegatingConstructorAccessorImpl.java:45)
	at org.openqa.selenium.remote.W3CHandshakeResponse.lambda$errorHandler$0(W3CHandshakeResponse.java:62)
	at org.openqa.selenium.remote.HandshakeResponse.lambda$getResponseFunction$0(HandshakeResponse.java:30)
	at org.openqa.selenium.remote.ProtocolHandshake.lambda$createSession$0(ProtocolHandshake.java:126)
	at org.openqa.selenium.remote.ProtocolHandshake.createSession(ProtocolHandshake.java:128)
	at org.openqa.selenium.remote.ProtocolHandshake.createSession(ProtocolHandshake.java:74)
	at org.openqa.selenium.remote.HttpCommandExecutor.execute(HttpCommandExecutor.java:136)
	at org.openqa.selenium.remote.service.DriverCommandExecutor.execute(DriverCommandExecutor.java:83)
	at org.openqa.selenium.remote.RemoteWebDriver.execute(RemoteWebDriver.java:552)
	at com.kms.katalon.selenium.driver.CChromeDriver.execute(CChromeDriver.java:19)
	at org.openqa.selenium.remote.RemoteWebDriver.startSession(RemoteWebDriver.java:213)
	at org.openqa.selenium.remote.RemoteWebDriver.&lt;init&gt;(RemoteWebDriver.java:131)
	at org.openqa.selenium.chrome.ChromeDriver.&lt;init&gt;(ChromeDriver.java:181)
	at org.openqa.selenium.chrome.ChromeDriver.&lt;init&gt;(ChromeDriver.java:147)
	at com.kms.katalon.selenium.driver.CChromeDriver.&lt;init&gt;(CChromeDriver.java:13)
	at com.kms.katalon.core.webui.driver.DriverFactory.createNewChromeDriver(DriverFactory.java:449)
	at com.kms.katalon.core.webui.driver.DriverFactory.startNewBrowser(DriverFactory.java:382)
	at com.kms.katalon.core.webui.driver.DriverFactory.openWebDriver(DriverFactory.java:271)
	at com.kms.katalon.core.webui.keyword.builtin.OpenBrowserKeyword$_openBrowser_closure1.doCall(OpenBrowserKeyword.groovy:74)
	at com.kms.katalon.core.webui.keyword.builtin.OpenBrowserKeyword$_openBrowser_closure1.call(OpenBrowserKeyword.groovy)
	at com.kms.katalon.core.webui.keyword.internal.WebUIKeywordMain.runKeyword(WebUIKeywordMain.groovy:20)
	at com.kms.katalon.core.webui.keyword.builtin.OpenBrowserKeyword.openBrowser(OpenBrowserKeyword.groovy:81)
	at com.kms.katalon.core.webui.keyword.builtin.OpenBrowserKeyword.execute(OpenBrowserKeyword.groovy:67)
	at com.kms.katalon.core.keyword.internal.KeywordExecutor.executeKeywordForPlatform(KeywordExecutor.groovy:74)
	at com.kms.katalon.core.webui.keyword.WebUiBuiltInKeywords.openBrowser(WebUiBuiltInKeywords.groovy:64)
	at add new test case.run(add new test case:20)
	at com.kms.katalon.core.main.ScriptEngine.run(ScriptEngine.java:194)
	at com.kms.katalon.core.main.ScriptEngine.runScriptAsRawText(ScriptEngine.java:119)
	at com.kms.katalon.core.main.TestCaseExecutor.runScript(TestCaseExecutor.java:448)
	at com.kms.katalon.core.main.TestCaseExecutor.doExecute(TestCaseExecutor.java:439)
	at com.kms.katalon.core.main.TestCaseExecutor.processExecutionPhase(TestCaseExecutor.java:418)
	at com.kms.katalon.core.main.TestCaseExecutor.accessMainPhase(TestCaseExecutor.java:410)
	at com.kms.katalon.core.main.TestCaseExecutor.execute(TestCaseExecutor.java:285)
	at com.kms.katalon.core.main.TestCaseExecutor.execute(TestCaseExecutor.java:369)
	at com.kms.katalon.core.common.CommonExecutor.accessTestCaseMainPhase(CommonExecutor.java:65)
	at com.kms.katalon.core.main.TestSuiteExecutor.accessTestSuiteMainPhase(TestSuiteExecutor.java:150)
	at com.kms.katalon.core.main.TestSuiteExecutor.execute(TestSuiteExecutor.java:106)
	at com.kms.katalon.core.main.TestCaseMain.startTestSuite(TestCaseMain.java:180)
	at TempTestSuite1787051105390.run(TempTestSuite1787051105390.groovy:35)
	at java.base/jdk.internal.reflect.NativeMethodAccessorImpl.invoke0(Native Method)
	at java.base/jdk.internal.reflect.NativeMethodAccessorImpl.invoke(NativeMethodAccessorImpl.java:77)
	at java.base/jdk.internal.reflect.DelegatingMethodAccessorImpl.invoke(DelegatingMethodAccessorImpl.java:43)
</property>
  <property name="failed.exception.message">session not created: This version of ChromeDriver only supports Chrome version 126
Current browser version is 151.0.7922.139 with binary path C:\Program Files\Google\Chrome\Application\chrome.exe
Build info: version: &apos;3.141.59&apos;, revision: &apos;unknown&apos;, time: &apos;unknown&apos;
System info: host: &apos;DESKTOP-8DOPEV3&apos;, ip: &apos;192.168.18.96&apos;, os.name: &apos;Windows 10&apos;, os.arch: &apos;amd64&apos;, os.version: &apos;10.0&apos;, java.version: &apos;17.0.7&apos;
Driver info: driver.version: CChromeDriver
remote stacktrace: 	GetHandleVerifier [0x00EA0E23+27667]
	(No symbol) [0x00E36B24]
	(No symbol) [0x00D31AFF]
	(No symbol) [0x00D64B1A]
	(No symbol) [0x00D63E7D]
	(No symbol) [0x00D5EDAE]
	(No symbol) [0x00D5ABD9]
	(No symbol) [0x00D9D523]
	(No symbol) [0x00D9CD4A]
	(No symbol) [0x00D936C6]
	(No symbol) [0x00D674D1]
	(No symbol) [0x00D6804D]
	GetHandleVerifier [0x01153CA3+2857619]
	GetHandleVerifier [0x011A7E0D+3202045]
	GetHandleVerifier [0x00F24624+566292]
	GetHandleVerifier [0x00F2B81C+595468]
	(No symbol) [0x00E3F914]
	(No symbol) [0x00E3C628]
	(No symbol) [0x00E3C7C7]
	(No symbol) [0x00E2E6BE]
	BaseThreadInitThunk [0x75DEFCC9+25]
	RtlGetAppContainerNamedObjectPath [0x76ED843E+286]
	RtlGetAppContainerNamedObjectPath [0x76ED840E+238]
</property>
</record>
<record>
  <date>2026-08-18T11:05:13.223100Z</date>
  <millis>1787051113223</millis>
  <nanos>100000</nanos>
  <sequence>37</sequence>
  <level>END</level>
  <class>com.kms.katalon.core.logging.XmlKeywordLogger</class>
  <method>endKeyword</method>
  <thread>1</thread>
  <message>End action : openBrowser(&amp;quot;&amp;quot;)</message>
  <nestedLevel>1</nestedLevel>
  <escapedJava>false</escapedJava>
</record>
<record>
  <date>2026-08-18T11:05:13.224100700Z</date>
  <millis>1787051113224</millis>
  <nanos>100700</nanos>
  <sequence>40</sequence>
  <level>FAILED</level>
  <class>com.kms.katalon.core.logging.XmlKeywordLogger</class>
  <method>logMessage</method>
  <thread>1</thread>
  <message>Test Cases/add new test case FAILED.
Reason:
com.kms.katalon.core.exception.StepFailedException: Unable to open browser with url: &amp;apos;&amp;apos;
	at com.kms.katalon.core.webui.keyword.internal.WebUIKeywordMain.stepFailed(WebUIKeywordMain.groovy:64)
	at com.kms.katalon.core.webui.keyword.internal.WebUIKeywordMain.runKeyword(WebUIKeywordMain.groovy:26)
	at com.kms.katalon.core.webui.keyword.builtin.OpenBrowserKeyword.openBrowser(OpenBrowserKeyword.groovy:81)
	at com.kms.katalon.core.webui.keyword.builtin.OpenBrowserKeyword.execute(OpenBrowserKeyword.groovy:67)
	at com.kms.katalon.core.keyword.internal.KeywordExecutor.executeKeywordForPlatform(KeywordExecutor.groovy:74)
	at com.kms.katalon.core.webui.keyword.WebUiBuiltInKeywords.openBrowser(WebUiBuiltInKeywords.groovy:64)
	at add new test case.run(add new test case:20)
	at com.kms.katalon.core.main.ScriptEngine.run(ScriptEngine.java:194)
	at com.kms.katalon.core.main.ScriptEngine.runScriptAsRawText(ScriptEngine.java:119)
	at com.kms.katalon.core.main.TestCaseExecutor.runScript(TestCaseExecutor.java:448)
	at com.kms.katalon.core.main.TestCaseExecutor.doExecute(TestCaseExecutor.java:439)
	at com.kms.katalon.core.main.TestCaseExecutor.processExecutionPhase(TestCaseExecutor.java:418)
	at com.kms.katalon.core.main.TestCaseExecutor.accessMainPhase(TestCaseExecutor.java:410)
	at com.kms.katalon.core.main.TestCaseExecutor.execute(TestCaseExecutor.java:285)
	at com.kms.katalon.core.main.TestCaseExecutor.execute(TestCaseExecutor.java:369)
	at com.kms.katalon.core.common.CommonExecutor.accessTestCaseMainPhase(CommonExecutor.java:65)
	at com.kms.katalon.core.main.TestSuiteExecutor.accessTestSuiteMainPhase(TestSuiteExecutor.java:150)
	at com.kms.katalon.core.main.TestSuiteExecutor.execute(TestSuiteExecutor.java:106)
	at com.kms.katalon.core.main.TestCaseMain.startTestSuite(TestCaseMain.java:180)
	at TempTestSuite1787051105390.run(TempTestSuite1787051105390.groovy:35)
	at java.base/jdk.internal.reflect.NativeMethodAccessorImpl.invoke0(Native Method)
	at java.base/jdk.internal.reflect.NativeMethodAccessorImpl.invoke(NativeMethodAccessorImpl.java:77)
	at java.base/jdk.internal.reflect.DelegatingMethodAccessorImpl.invoke(DelegatingMethodAccessorImpl.java:43)
Caused by: org.openqa.selenium.SessionNotCreatedException: session not created: This version of ChromeDriver only supports Chrome version 126
Current browser version is 151.0.7922.139 with binary path C:\Program Files\Google\Chrome\Application\chrome.exe
Build info: version: &amp;apos;3.141.59&amp;apos;, revision: &amp;apos;unknown&amp;apos;, time: &amp;apos;unknown&amp;apos;
System info: host: &amp;apos;DESKTOP-8DOPEV3&amp;apos;, ip: &amp;apos;192.168.18.96&amp;apos;, os.name: &amp;apos;Windows 10&amp;apos;, os.arch: &amp;apos;amd64&amp;apos;, os.version: &amp;apos;10.0&amp;apos;, java.version: &amp;apos;17.0.7&amp;apos;
Driver info: driver.version: CChromeDriver
remote stacktrace: 	GetHandleVerifier [0x00EA0E23+27667]
	(No symbol) [0x00E36B24]
	(No symbol) [0x00D31AFF]
	(No symbol) [0x00D64B1A]
	(No symbol) [0x00D63E7D]
	(No symbol) [0x00D5EDAE]
	(No symbol) [0x00D5ABD9]
	(No symbol) [0x00D9D523]
	(No symbol) [0x00D9CD4A]
	(No symbol) [0x00D936C6]
	(No symbol) [0x00D674D1]
	(No symbol) [0x00D6804D]
	GetHandleVerifier [0x01153CA3+2857619]
	GetHandleVerifier [0x011A7E0D+3202045]
	GetHandleVerifier [0x00F24624+566292]
	GetHandleVerifier [0x00F2B81C+595468]
	(No symbol) [0x00E3F914]
	(No symbol) [0x00E3C628]
	(No symbol) [0x00E3C7C7]
	(No symbol) [0x00E2E6BE]
	BaseThreadInitThunk [0x75DEFCC9+25]
	RtlGetAppContainerNamedObjectPath [0x76ED843E+286]
	RtlGetAppContainerNamedObjectPath [0x76ED840E+238]

	at java.base/jdk.internal.reflect.NativeConstructorAccessorImpl.newInstance0(Native Method)
	at java.base/jdk.internal.reflect.NativeConstructorAccessorImpl.newInstance(NativeConstructorAccessorImpl.java:77)
	at java.base/jdk.internal.reflect.DelegatingConstructorAccessorImpl.newInstance(DelegatingConstructorAccessorImpl.java:45)
	at org.openqa.selenium.remote.W3CHandshakeResponse.lambda$errorHandler$0(W3CHandshakeResponse.java:62)
	at org.openqa.selenium.remote.HandshakeResponse.lambda$getResponseFunction$0(HandshakeResponse.java:30)
	at org.openqa.selenium.remote.ProtocolHandshake.lambda$createSession$0(ProtocolHandshake.java:126)
	at org.openqa.selenium.remote.ProtocolHandshake.createSession(ProtocolHandshake.java:128)
	at org.openqa.selenium.remote.ProtocolHandshake.createSession(ProtocolHandshake.java:74)
	at org.openqa.selenium.remote.HttpCommandExecutor.execute(HttpCommandExecutor.java:136)
	at org.openqa.selenium.remote.service.DriverCommandExecutor.execute(DriverCommandExecutor.java:83)
	at org.openqa.selenium.remote.RemoteWebDriver.execute(RemoteWebDriver.java:552)
	at com.kms.katalon.selenium.driver.CChromeDriver.execute(CChromeDriver.java:19)
	at org.openqa.selenium.remote.RemoteWebDriver.startSession(RemoteWebDriver.java:213)
	at org.openqa.selenium.remote.RemoteWebDriver.&amp;lt;init&amp;gt;(RemoteWebDriver.java:131)
	at org.openqa.selenium.chrome.ChromeDriver.&amp;lt;init&amp;gt;(ChromeDriver.java:181)
	at org.openqa.selenium.chrome.ChromeDriver.&amp;lt;init&amp;gt;(ChromeDriver.java:147)
	at com.kms.katalon.selenium.driver.CChromeDriver.&amp;lt;init&amp;gt;(CChromeDriver.java:13)
	at com.kms.katalon.core.webui.driver.DriverFactory.createNewChromeDriver(DriverFactory.java:449)
	at com.kms.katalon.core.webui.driver.DriverFactory.startNewBrowser(DriverFactory.java:382)
	at com.kms.katalon.core.webui.driver.DriverFactory.openWebDriver(DriverFactory.java:271)
	at com.kms.katalon.core.webui.keyword.builtin.OpenBrowserKeyword$_openBrowser_closure1.doCall(OpenBrowserKeyword.groovy:74)
	at com.kms.katalon.core.webui.keyword.builtin.OpenBrowserKeyword$_openBrowser_closure1.call(OpenBrowserKeyword.groovy)
	at com.kms.katalon.core.webui.keyword.internal.WebUIKeywordMain.runKeyword(WebUIKeywordMain.groovy:20)
	... 21 more
</message>
  <exception>
    <message>com.kms.katalon.core.exception.StepFailedException: Unable to open browser with url: ''</message>
    <frame>
      <class>com.kms.katalon.core.webui.keyword.internal.WebUIKeywordMain</class>
      <method>stepFailed</method>
      <line>64</line>
    </frame>
    <frame>
      <class>com.kms.katalon.core.webui.keyword.internal.WebUIKeywordMain</class>
      <method>runKeyword</method>
      <line>26</line>
    </frame>
    <frame>
      <class>com.kms.katalon.core.webui.keyword.builtin.OpenBrowserKeyword</class>
      <method>openBrowser</method>
      <line>81</line>
    </frame>
    <frame>
      <class>com.kms.katalon.core.webui.keyword.builtin.OpenBrowserKeyword</class>
      <method>execute</method>
      <line>67</line>
    </frame>
    <frame>
      <class>com.kms.katalon.core.keyword.internal.KeywordExecutor</class>
      <method>executeKeywordForPlatform</method>
      <line>74</line>
    </frame>
    <frame>
      <class>com.kms.katalon.core.webui.keyword.WebUiBuiltInKeywords</class>
      <method>openBrowser</method>
      <line>64</line>
    </frame>
    <frame>
      <class>add new test case</class>
      <method>run</method>
      <line>20</line>
    </frame>
    <frame>
      <class>com.kms.katalon.core.main.ScriptEngine</class>
      <method>run</method>
      <line>194</line>
    </frame>
    <frame>
      <class>com.kms.katalon.core.main.ScriptEngine</class>
      <method>runScriptAsRawText</method>
      <line>119</line>
    </frame>
    <frame>
      <class>com.kms.katalon.core.main.TestCaseExecutor</class>
      <method>runScript</method>
      <line>448</line>
    </frame>
    <frame>
      <class>com.kms.katalon.core.main.TestCaseExecutor</class>
      <method>doExecute</method>
      <line>439</line>
    </frame>
    <frame>
      <class>com.kms.katalon.core.main.TestCaseExecutor</class>
      <method>processExecutionPhase</method>
      <line>418</line>
    </frame>
    <frame>
      <class>com.kms.katalon.core.main.TestCaseExecutor</class>
      <method>accessMainPhase</method>
      <line>410</line>
    </frame>
    <frame>
      <class>com.kms.katalon.core.main.TestCaseExecutor</class>
      <method>execute</method>
      <line>285</line>
    </frame>
    <frame>
      <class>com.kms.katalon.core.main.TestCaseExecutor</class>
      <method>execute</method>
      <line>369</line>
    </frame>
    <frame>
      <class>com.kms.katalon.core.common.CommonExecutor</class>
      <method>accessTestCaseMainPhase</method>
      <line>65</line>
    </frame>
    <frame>
      <class>com.kms.katalon.core.main.TestSuiteExecutor</class>
      <method>accessTestSuiteMainPhase</method>
      <line>150</line>
    </frame>
    <frame>
      <class>com.kms.katalon.core.main.TestSuiteExecutor</class>
      <method>execute</method>
      <line>106</line>
    </frame>
    <frame>
      <class>com.kms.katalon.core.main.TestCaseMain</class>
      <method>startTestSuite</method>
      <line>180</line>
    </frame>
    <frame>
      <class>TempTestSuite1787051105390</class>
      <method>run</method>
      <line>35</line>
    </frame>
    <frame>
      <class>jdk.internal.reflect.NativeMethodAccessorImpl</class>
      <method>invoke0</method>
    </frame>
    <frame>
      <class>jdk.internal.reflect.NativeMethodAccessorImpl</class>
      <method>invoke</method>
      <line>77</line>
    </frame>
    <frame>
      <class>jdk.internal.reflect.DelegatingMethodAccessorImpl</class>
      <method>invoke</method>
      <line>43</line>
    </frame>
  </exception>
  <nestedLevel>0</nestedLevel>
  <escapedJava>false</escapedJava>
  <property name="failed.exception.stacktrace">org.openqa.selenium.SessionNotCreatedException: session not created: This version of ChromeDriver only supports Chrome version 126
Current browser version is 151.0.7922.139 with binary path C:\Program Files\Google\Chrome\Application\chrome.exe
Build info: version: &apos;3.141.59&apos;, revision: &apos;unknown&apos;, time: &apos;unknown&apos;
System info: host: &apos;DESKTOP-8DOPEV3&apos;, ip: &apos;192.168.18.96&apos;, os.name: &apos;Windows 10&apos;, os.arch: &apos;amd64&apos;, os.version: &apos;10.0&apos;, java.version: &apos;17.0.7&apos;
Driver info: driver.version: CChromeDriver
remote stacktrace: 	GetHandleVerifier [0x00EA0E23+27667]
	(No symbol) [0x00E36B24]
	(No symbol) [0x00D31AFF]
	(No symbol) [0x00D64B1A]
	(No symbol) [0x00D63E7D]
	(No symbol) [0x00D5EDAE]
	(No symbol) [0x00D5ABD9]
	(No symbol) [0x00D9D523]
	(No symbol) [0x00D9CD4A]
	(No symbol) [0x00D936C6]
	(No symbol) [0x00D674D1]
	(No symbol) [0x00D6804D]
	GetHandleVerifier [0x01153CA3+2857619]
	GetHandleVerifier [0x011A7E0D+3202045]
	GetHandleVerifier [0x00F24624+566292]
	GetHandleVerifier [0x00F2B81C+595468]
	(No symbol) [0x00E3F914]
	(No symbol) [0x00E3C628]
	(No symbol) [0x00E3C7C7]
	(No symbol) [0x00E2E6BE]
	BaseThreadInitThunk [0x75DEFCC9+25]
	RtlGetAppContainerNamedObjectPath [0x76ED843E+286]
	RtlGetAppContainerNamedObjectPath [0x76ED840E+238]

	at java.base/jdk.internal.reflect.NativeConstructorAccessorImpl.newInstance0(Native Method)
	at java.base/jdk.internal.reflect.NativeConstructorAccessorImpl.newInstance(NativeConstructorAccessorImpl.java:77)
	at java.base/jdk.internal.reflect.DelegatingConstructorAccessorImpl.newInstance(DelegatingConstructorAccessorImpl.java:45)
	at org.openqa.selenium.remote.W3CHandshakeResponse.lambda$errorHandler$0(W3CHandshakeResponse.java:62)
	at org.openqa.selenium.remote.HandshakeResponse.lambda$getResponseFunction$0(HandshakeResponse.java:30)
	at org.openqa.selenium.remote.ProtocolHandshake.lambda$createSession$0(ProtocolHandshake.java:126)
	at org.openqa.selenium.remote.ProtocolHandshake.createSession(ProtocolHandshake.java:128)
	at org.openqa.selenium.remote.ProtocolHandshake.createSession(ProtocolHandshake.java:74)
	at org.openqa.selenium.remote.HttpCommandExecutor.execute(HttpCommandExecutor.java:136)
	at org.openqa.selenium.remote.service.DriverCommandExecutor.execute(DriverCommandExecutor.java:83)
	at org.openqa.selenium.remote.RemoteWebDriver.execute(RemoteWebDriver.java:552)
	at com.kms.katalon.selenium.driver.CChromeDriver.execute(CChromeDriver.java:19)
	at org.openqa.selenium.remote.RemoteWebDriver.startSession(RemoteWebDriver.java:213)
	at org.openqa.selenium.remote.RemoteWebDriver.&lt;init&gt;(RemoteWebDriver.java:131)
	at org.openqa.selenium.chrome.ChromeDriver.&lt;init&gt;(ChromeDriver.java:181)
	at org.openqa.selenium.chrome.ChromeDriver.&lt;init&gt;(ChromeDriver.java:147)
	at com.kms.katalon.selenium.driver.CChromeDriver.&lt;init&gt;(CChromeDriver.java:13)
	at com.kms.katalon.core.webui.driver.DriverFactory.createNewChromeDriver(DriverFactory.java:449)
	at com.kms.katalon.core.webui.driver.DriverFactory.startNewBrowser(DriverFactory.java:382)
	at com.kms.katalon.core.webui.driver.DriverFactory.openWebDriver(DriverFactory.java:271)
	at com.kms.katalon.core.webui.keyword.builtin.OpenBrowserKeyword$_openBrowser_closure1.doCall(OpenBrowserKeyword.groovy:74)
	at com.kms.katalon.core.webui.keyword.builtin.OpenBrowserKeyword$_openBrowser_closure1.call(OpenBrowserKeyword.groovy)
	at com.kms.katalon.core.webui.keyword.internal.WebUIKeywordMain.runKeyword(WebUIKeywordMain.groovy:20)
	at com.kms.katalon.core.webui.keyword.builtin.OpenBrowserKeyword.openBrowser(OpenBrowserKeyword.groovy:81)
	at com.kms.katalon.core.webui.keyword.builtin.OpenBrowserKeyword.execute(OpenBrowserKeyword.groovy:67)
	at com.kms.katalon.core.keyword.internal.KeywordExecutor.executeKeywordForPlatform(KeywordExecutor.groovy:74)
	at com.kms.katalon.core.webui.keyword.WebUiBuiltInKeywords.openBrowser(WebUiBuiltInKeywords.groovy:64)
	at add new test case.run(add new test case:20)
	at com.kms.katalon.core.main.ScriptEngine.run(ScriptEngine.java:194)
	at com.kms.katalon.core.main.ScriptEngine.runScriptAsRawText(ScriptEngine.java:119)
	at com.kms.katalon.core.main.TestCaseExecutor.runScript(TestCaseExecutor.java:448)
	at com.kms.katalon.core.main.TestCaseExecutor.doExecute(TestCaseExecutor.java:439)
	at com.kms.katalon.core.main.TestCaseExecutor.processExecutionPhase(TestCaseExecutor.java:418)
	at com.kms.katalon.core.main.TestCaseExecutor.accessMainPhase(TestCaseExecutor.java:410)
	at com.kms.katalon.core.main.TestCaseExecutor.execute(TestCaseExecutor.java:285)
	at com.kms.katalon.core.main.TestCaseExecutor.execute(TestCaseExecutor.java:369)
	at com.kms.katalon.core.common.CommonExecutor.accessTestCaseMainPhase(CommonExecutor.java:65)
	at com.kms.katalon.core.main.TestSuiteExecutor.accessTestSuiteMainPhase(TestSuiteExecutor.java:150)
	at com.kms.katalon.core.main.TestSuiteExecutor.execute(TestSuiteExecutor.java:106)
	at com.kms.katalon.core.main.TestCaseMain.startTestSuite(TestCaseMain.java:180)
	at TempTestSuite1787051105390.run(TempTestSuite1787051105390.groovy:35)
	at java.base/jdk.internal.reflect.NativeMethodAccessorImpl.invoke0(Native Method)
	at java.base/jdk.internal.reflect.NativeMethodAccessorImpl.invoke(NativeMethodAccessorImpl.java:77)
	at java.base/jdk.internal.reflect.DelegatingMethodAccessorImpl.invoke(DelegatingMethodAccessorImpl.java:43)
</property>
  <property name="failed.exception.class">org.openqa.selenium.SessionNotCreatedException</property>
  <property name="failed.exception.message">session not created: This version of ChromeDriver only supports Chrome version 126
Current browser version is 151.0.7922.139 with binary path C:\Program Files\Google\Chrome\Application\chrome.exe
Build info: version: &apos;3.141.59&apos;, revision: &apos;unknown&apos;, time: &apos;unknown&apos;
System info: host: &apos;DESKTOP-8DOPEV3&apos;, ip: &apos;192.168.18.96&apos;, os.name: &apos;Windows 10&apos;, os.arch: &apos;amd64&apos;, os.version: &apos;10.0&apos;, java.version: &apos;17.0.7&apos;
Driver info: driver.version: CChromeDriver
remote stacktrace: 	GetHandleVerifier [0x00EA0E23+27667]
	(No symbol) [0x00E36B24]
	(No symbol) [0x00D31AFF]
	(No symbol) [0x00D64B1A]
	(No symbol) [0x00D63E7D]
	(No symbol) [0x00D5EDAE]
	(No symbol) [0x00D5ABD9]
	(No symbol) [0x00D9D523]
	(No symbol) [0x00D9CD4A]
	(No symbol) [0x00D936C6]
	(No symbol) [0x00D674D1]
	(No symbol) [0x00D6804D]
	GetHandleVerifier [0x01153CA3+2857619]
	GetHandleVerifier [0x011A7E0D+3202045]
	GetHandleVerifier [0x00F24624+566292]
	GetHandleVerifier [0x00F2B81C+595468]
	(No symbol) [0x00E3F914]
	(No symbol) [0x00E3C628]
	(No symbol) [0x00E3C7C7]
	(No symbol) [0x00E2E6BE]
	BaseThreadInitThunk [0x75DEFCC9+25]
	RtlGetAppContainerNamedObjectPath [0x76ED843E+286]
	RtlGetAppContainerNamedObjectPath [0x76ED840E+238]
</property>
</record>
<record>
  <date>2026-08-18T11:05:13.228101600Z</date>
  <millis>1787051113228</millis>
  <nanos>101600</nanos>
  <sequence>42</sequence>
  <level>END</level>
  <class>com.kms.katalon.core.logging.XmlKeywordLogger</class>
  <method>endTest</method>
  <thread>1</thread>
  <message>End Test Case : Test Cases/add new test case</message>
  <nestedLevel>0</nestedLevel>
  <escapedJava>false</escapedJava>
  <property name="executionBindingVariables">[]</property>
  <property name="applitools">false</property>
  <property name="remainingRetryCount">2</property>
  <property name="currentRetryCount">1</property>
  <property name="keywordsUsage">{
  &quot;web_ui&quot;: true,
  &quot;web_service&quot;: false,
  &quot;cucumber&quot;: false,
  &quot;builtin&quot;: false,
  &quot;mobile&quot;: false,
  &quot;windows&quot;: false,
  &quot;testng&quot;: false
}</property>
</record>
<record>
  <date>2026-08-18T11:05:13.231100800Z</date>
  <millis>1787051113231</millis>
  <nanos>100800</nanos>
  <sequence>43</sequence>
  <level>START</level>
  <class>com.kms.katalon.core.logging.XmlKeywordLogger</class>
  <method>startTest</method>
  <thread>1</thread>
  <message>Start Test Case : Test Cases/add new test case</message>
  <nestedLevel>1</nestedLevel>
  <escapedJava>false</escapedJava>
  <property name="remainingRetryCount">1</property>
  <property name="name">Test Cases/add new test case</property>
  <property name="description"></property>
  <property name="iteration"></property>
  <property name="id">Test Cases/add new test case</property>
  <property name="source">C:\Users\Pc p\git\katalon_automation_testing\Test Cases\add new test case.tc</property>
  <property name="tag"></property>
  <property name="isOptional">false</property>
  <property name="currentRetryCount">2</property>
</record>
<record>
  <date>2026-08-18T11:05:13.249099500Z</date>
  <millis>1787051113249</millis>
  <nanos>99500</nanos>
  <sequence>45</sequence>
  <level>START</level>
  <class>com.kms.katalon.core.logging.XmlKeywordLogger</class>
  <method>startKeyword</method>
  <thread>1</thread>
  <message>Start action : openBrowser(&amp;quot;&amp;quot;)</message>
  <nestedLevel>1</nestedLevel>
  <escapedJava>false</escapedJava>
  <property name="startLine">20</property>
  <property name="stepIndex">1</property>
</record>
<record>
  <date>2026-08-18T11:05:13.259112600Z</date>
  <millis>1787051113259</millis>
  <nanos>112600</nanos>
  <sequence>47</sequence>
  <level>INFO</level>
  <class>com.kms.katalon.core.logging.XmlKeywordLogger</class>
  <method>logMessage</method>
  <thread>1</thread>
  <message>Starting &amp;apos;Chrome&amp;apos; driver</message>
  <nestedLevel>1</nestedLevel>
  <escapedJava>false</escapedJava>
</record>
<record>
  <date>2026-08-18T11:05:13.263101900Z</date>
  <millis>1787051113263</millis>
  <nanos>101900</nanos>
  <sequence>49</sequence>
  <level>INFO</level>
  <class>com.kms.katalon.core.logging.XmlKeywordLogger</class>
  <method>logMessage</method>
  <thread>1</thread>
  <message>Action delay is set to 0 milliseconds</message>
  <nestedLevel>1</nestedLevel>
  <escapedJava>false</escapedJava>
</record>
<record>
  <date>2026-08-18T11:05:14.033098400Z</date>
  <millis>1787051114033</millis>
  <nanos>98400</nanos>
  <sequence>53</sequence>
  <level>FAILED</level>
  <class>com.kms.katalon.core.logging.XmlKeywordLogger</class>
  <method>logMessage</method>
  <thread>1</thread>
  <message>Unable to open browser with url: &amp;apos;&amp;apos; (Root cause: com.kms.katalon.core.exception.StepFailedException: Unable to open browser with url: &amp;apos;&amp;apos;
	at com.kms.katalon.core.webui.keyword.internal.WebUIKeywordMain.stepFailed(WebUIKeywordMain.groovy:64)
	at com.kms.katalon.core.webui.keyword.internal.WebUIKeywordMain.runKeyword(WebUIKeywordMain.groovy:26)
	at com.kms.katalon.core.webui.keyword.builtin.OpenBrowserKeyword.openBrowser(OpenBrowserKeyword.groovy:81)
	at com.kms.katalon.core.webui.keyword.builtin.OpenBrowserKeyword.execute(OpenBrowserKeyword.groovy:67)
	at com.kms.katalon.core.keyword.internal.KeywordExecutor.executeKeywordForPlatform(KeywordExecutor.groovy:74)
	at com.kms.katalon.core.webui.keyword.WebUiBuiltInKeywords.openBrowser(WebUiBuiltInKeywords.groovy:64)
	at add new test case.run(add new test case:20)
	at com.kms.katalon.core.main.ScriptEngine.run(ScriptEngine.java:194)
	at com.kms.katalon.core.main.ScriptEngine.runScriptAsRawText(ScriptEngine.java:119)
	at com.kms.katalon.core.main.TestCaseExecutor.runScript(TestCaseExecutor.java:448)
	at com.kms.katalon.core.main.TestCaseExecutor.doExecute(TestCaseExecutor.java:439)
	at com.kms.katalon.core.main.TestCaseExecutor.processExecutionPhase(TestCaseExecutor.java:418)
	at com.kms.katalon.core.main.TestCaseExecutor.accessMainPhase(TestCaseExecutor.java:410)
	at com.kms.katalon.core.main.TestCaseExecutor.execute(TestCaseExecutor.java:285)
	at com.kms.katalon.core.main.TestCaseExecutor.execute(TestCaseExecutor.java:369)
	at com.kms.katalon.core.main.TestCaseExecutor.execute(TestCaseExecutor.java:369)
	at com.kms.katalon.core.common.CommonExecutor.accessTestCaseMainPhase(CommonExecutor.java:65)
	at com.kms.katalon.core.main.TestSuiteExecutor.accessTestSuiteMainPhase(TestSuiteExecutor.java:150)
	at com.kms.katalon.core.main.TestSuiteExecutor.execute(TestSuiteExecutor.java:106)
	at com.kms.katalon.core.main.TestCaseMain.startTestSuite(TestCaseMain.java:180)
	at TempTestSuite1787051105390.run(TempTestSuite1787051105390.groovy:35)
	at java.base/jdk.internal.reflect.NativeMethodAccessorImpl.invoke0(Native Method)
	at java.base/jdk.internal.reflect.NativeMethodAccessorImpl.invoke(NativeMethodAccessorImpl.java:77)
	at java.base/jdk.internal.reflect.DelegatingMethodAccessorImpl.invoke(DelegatingMethodAccessorImpl.java:43)
Caused by: org.openqa.selenium.SessionNotCreatedException: session not created: This version of ChromeDriver only supports Chrome version 126
Current browser version is 151.0.7922.139 with binary path C:\Program Files\Google\Chrome\Application\chrome.exe
Build info: version: &amp;apos;3.141.59&amp;apos;, revision: &amp;apos;unknown&amp;apos;, time: &amp;apos;unknown&amp;apos;
System info: host: &amp;apos;DESKTOP-8DOPEV3&amp;apos;, ip: &amp;apos;192.168.18.96&amp;apos;, os.name: &amp;apos;Windows 10&amp;apos;, os.arch: &amp;apos;amd64&amp;apos;, os.version: &amp;apos;10.0&amp;apos;, java.version: &amp;apos;17.0.7&amp;apos;
Driver info: driver.version: CChromeDriver
remote stacktrace: 	GetHandleVerifier [0x00EA0E23+27667]
	(No symbol) [0x00E36B24]
	(No symbol) [0x00D31AFF]
	(No symbol) [0x00D64B1A]
	(No symbol) [0x00D63E7D]
	(No symbol) [0x00D5EDAE]
	(No symbol) [0x00D5ABD9]
	(No symbol) [0x00D9D523]
	(No symbol) [0x00D9CD4A]
	(No symbol) [0x00D936C6]
	(No symbol) [0x00D674D1]
	(No symbol) [0x00D6804D]
	GetHandleVerifier [0x01153CA3+2857619]
	GetHandleVerifier [0x011A7E0D+3202045]
	GetHandleVerifier [0x00F24624+566292]
	GetHandleVerifier [0x00F2B81C+595468]
	(No symbol) [0x00E3F914]
	(No symbol) [0x00E3C628]
	(No symbol) [0x00E3C7C7]
	(No symbol) [0x00E2E6BE]
	BaseThreadInitThunk [0x75DEFCC9+25]
	RtlGetAppContainerNamedObjectPath [0x76ED843E+286]
	RtlGetAppContainerNamedObjectPath [0x76ED840E+238]

	at java.base/jdk.internal.reflect.NativeConstructorAccessorImpl.newInstance0(Native Method)
	at java.base/jdk.internal.reflect.NativeConstructorAccessorImpl.newInstance(NativeConstructorAccessorImpl.java:77)
	at java.base/jdk.internal.reflect.DelegatingConstructorAccessorImpl.newInstance(DelegatingConstructorAccessorImpl.java:45)
	at org.openqa.selenium.remote.W3CHandshakeResponse.lambda$errorHandler$0(W3CHandshakeResponse.java:62)
	at org.openqa.selenium.remote.HandshakeResponse.lambda$getResponseFunction$0(HandshakeResponse.java:30)
	at org.openqa.selenium.remote.ProtocolHandshake.lambda$createSession$0(ProtocolHandshake.java:126)
	at org.openqa.selenium.remote.ProtocolHandshake.createSession(ProtocolHandshake.java:128)
	at org.openqa.selenium.remote.ProtocolHandshake.createSession(ProtocolHandshake.java:74)
	at org.openqa.selenium.remote.HttpCommandExecutor.execute(HttpCommandExecutor.java:136)
	at org.openqa.selenium.remote.service.DriverCommandExecutor.execute(DriverCommandExecutor.java:83)
	at org.openqa.selenium.remote.RemoteWebDriver.execute(RemoteWebDriver.java:552)
	at com.kms.katalon.selenium.driver.CChromeDriver.execute(CChromeDriver.java:19)
	at org.openqa.selenium.remote.RemoteWebDriver.startSession(RemoteWebDriver.java:213)
	at org.openqa.selenium.remote.RemoteWebDriver.&amp;lt;init&amp;gt;(RemoteWebDriver.java:131)
	at org.openqa.selenium.chrome.ChromeDriver.&amp;lt;init&amp;gt;(ChromeDriver.java:181)
	at org.openqa.selenium.chrome.ChromeDriver.&amp;lt;init&amp;gt;(ChromeDriver.java:147)
	at com.kms.katalon.selenium.driver.CChromeDriver.&amp;lt;init&amp;gt;(CChromeDriver.java:13)
	at com.kms.katalon.core.webui.driver.DriverFactory.createNewChromeDriver(DriverFactory.java:449)
	at com.kms.katalon.core.webui.driver.DriverFactory.startNewBrowser(DriverFactory.java:382)
	at com.kms.katalon.core.webui.driver.DriverFactory.openWebDriver(DriverFactory.java:271)
	at com.kms.katalon.core.webui.keyword.builtin.OpenBrowserKeyword$_openBrowser_closure1.doCall(OpenBrowserKeyword.groovy:74)
	at com.kms.katalon.core.webui.keyword.builtin.OpenBrowserKeyword$_openBrowser_closure1.call(OpenBrowserKeyword.groovy)
	at com.kms.katalon.core.webui.keyword.internal.WebUIKeywordMain.runKeyword(WebUIKeywordMain.groovy:20)
	at com.kms.katalon.core.webui.keyword.builtin.OpenBrowserKeyword.openBrowser(OpenBrowserKeyword.groovy:81)
	at com.kms.katalon.core.webui.keyword.builtin.OpenBrowserKeyword.execute(OpenBrowserKeyword.groovy:67)
	at com.kms.katalon.core.keyword.internal.KeywordExecutor.executeKeywordForPlatform(KeywordExecutor.groovy:74)
	at com.kms.katalon.core.webui.keyword.WebUiBuiltInKeywords.openBrowser(WebUiBuiltInKeywords.groovy:64)
	at Script1786471458684.run(Script1786471458684.groovy:20)
	... 17 more
)</message>
  <nestedLevel>1</nestedLevel>
  <escapedJava>false</escapedJava>
  <property name="failed.exception.class">org.openqa.selenium.SessionNotCreatedException</property>
  <property name="failed.exception.stacktrace">org.openqa.selenium.SessionNotCreatedException: session not created: This version of ChromeDriver only supports Chrome version 126
Current browser version is 151.0.7922.139 with binary path C:\Program Files\Google\Chrome\Application\chrome.exe
Build info: version: &apos;3.141.59&apos;, revision: &apos;unknown&apos;, time: &apos;unknown&apos;
System info: host: &apos;DESKTOP-8DOPEV3&apos;, ip: &apos;192.168.18.96&apos;, os.name: &apos;Windows 10&apos;, os.arch: &apos;amd64&apos;, os.version: &apos;10.0&apos;, java.version: &apos;17.0.7&apos;
Driver info: driver.version: CChromeDriver
remote stacktrace: 	GetHandleVerifier [0x00EA0E23+27667]
	(No symbol) [0x00E36B24]
	(No symbol) [0x00D31AFF]
	(No symbol) [0x00D64B1A]
	(No symbol) [0x00D63E7D]
	(No symbol) [0x00D5EDAE]
	(No symbol) [0x00D5ABD9]
	(No symbol) [0x00D9D523]
	(No symbol) [0x00D9CD4A]
	(No symbol) [0x00D936C6]
	(No symbol) [0x00D674D1]
	(No symbol) [0x00D6804D]
	GetHandleVerifier [0x01153CA3+2857619]
	GetHandleVerifier [0x011A7E0D+3202045]
	GetHandleVerifier [0x00F24624+566292]
	GetHandleVerifier [0x00F2B81C+595468]
	(No symbol) [0x00E3F914]
	(No symbol) [0x00E3C628]
	(No symbol) [0x00E3C7C7]
	(No symbol) [0x00E2E6BE]
	BaseThreadInitThunk [0x75DEFCC9+25]
	RtlGetAppContainerNamedObjectPath [0x76ED843E+286]
	RtlGetAppContainerNamedObjectPath [0x76ED840E+238]

	at java.base/jdk.internal.reflect.NativeConstructorAccessorImpl.newInstance0(Native Method)
	at java.base/jdk.internal.reflect.NativeConstructorAccessorImpl.newInstance(NativeConstructorAccessorImpl.java:77)
	at java.base/jdk.internal.reflect.DelegatingConstructorAccessorImpl.newInstance(DelegatingConstructorAccessorImpl.java:45)
	at org.openqa.selenium.remote.W3CHandshakeResponse.lambda$errorHandler$0(W3CHandshakeResponse.java:62)
	at org.openqa.selenium.remote.HandshakeResponse.lambda$getResponseFunction$0(HandshakeResponse.java:30)
	at org.openqa.selenium.remote.ProtocolHandshake.lambda$createSession$0(ProtocolHandshake.java:126)
	at org.openqa.selenium.remote.ProtocolHandshake.createSession(ProtocolHandshake.java:128)
	at org.openqa.selenium.remote.ProtocolHandshake.createSession(ProtocolHandshake.java:74)
	at org.openqa.selenium.remote.HttpCommandExecutor.execute(HttpCommandExecutor.java:136)
	at org.openqa.selenium.remote.service.DriverCommandExecutor.execute(DriverCommandExecutor.java:83)
	at org.openqa.selenium.remote.RemoteWebDriver.execute(RemoteWebDriver.java:552)
	at com.kms.katalon.selenium.driver.CChromeDriver.execute(CChromeDriver.java:19)
	at org.openqa.selenium.remote.RemoteWebDriver.startSession(RemoteWebDriver.java:213)
	at org.openqa.selenium.remote.RemoteWebDriver.&lt;init&gt;(RemoteWebDriver.java:131)
	at org.openqa.selenium.chrome.ChromeDriver.&lt;init&gt;(ChromeDriver.java:181)
	at org.openqa.selenium.chrome.ChromeDriver.&lt;init&gt;(ChromeDriver.java:147)
	at com.kms.katalon.selenium.driver.CChromeDriver.&lt;init&gt;(CChromeDriver.java:13)
	at com.kms.katalon.core.webui.driver.DriverFactory.createNewChromeDriver(DriverFactory.java:449)
	at com.kms.katalon.core.webui.driver.DriverFactory.startNewBrowser(DriverFactory.java:382)
	at com.kms.katalon.core.webui.driver.DriverFactory.openWebDriver(DriverFactory.java:271)
	at com.kms.katalon.core.webui.keyword.builtin.OpenBrowserKeyword$_openBrowser_closure1.doCall(OpenBrowserKeyword.groovy:74)
	at com.kms.katalon.core.webui.keyword.builtin.OpenBrowserKeyword$_openBrowser_closure1.call(OpenBrowserKeyword.groovy)
	at com.kms.katalon.core.webui.keyword.internal.WebUIKeywordMain.runKeyword(WebUIKeywordMain.groovy:20)
	at com.kms.katalon.core.webui.keyword.builtin.OpenBrowserKeyword.openBrowser(OpenBrowserKeyword.groovy:81)
	at com.kms.katalon.core.webui.keyword.builtin.OpenBrowserKeyword.execute(OpenBrowserKeyword.groovy:67)
	at com.kms.katalon.core.keyword.internal.KeywordExecutor.executeKeywordForPlatform(KeywordExecutor.groovy:74)
	at com.kms.katalon.core.webui.keyword.WebUiBuiltInKeywords.openBrowser(WebUiBuiltInKeywords.groovy:64)
	at add new test case.run(add new test case:20)
	at com.kms.katalon.core.main.ScriptEngine.run(ScriptEngine.java:194)
	at com.kms.katalon.core.main.ScriptEngine.runScriptAsRawText(ScriptEngine.java:119)
	at com.kms.katalon.core.main.TestCaseExecutor.runScript(TestCaseExecutor.java:448)
	at com.kms.katalon.core.main.TestCaseExecutor.doExecute(TestCaseExecutor.java:439)
	at com.kms.katalon.core.main.TestCaseExecutor.processExecutionPhase(TestCaseExecutor.java:418)
	at com.kms.katalon.core.main.TestCaseExecutor.accessMainPhase(TestCaseExecutor.java:410)
	at com.kms.katalon.core.main.TestCaseExecutor.execute(TestCaseExecutor.java:285)
	at com.kms.katalon.core.main.TestCaseExecutor.execute(TestCaseExecutor.java:369)
	at com.kms.katalon.core.main.TestCaseExecutor.execute(TestCaseExecutor.java:369)
	at com.kms.katalon.core.common.CommonExecutor.accessTestCaseMainPhase(CommonExecutor.java:65)
	at com.kms.katalon.core.main.TestSuiteExecutor.accessTestSuiteMainPhase(TestSuiteExecutor.java:150)
	at com.kms.katalon.core.main.TestSuiteExecutor.execute(TestSuiteExecutor.java:106)
	at com.kms.katalon.core.main.TestCaseMain.startTestSuite(TestCaseMain.java:180)
	at TempTestSuite1787051105390.run(TempTestSuite1787051105390.groovy:35)
	at java.base/jdk.internal.reflect.NativeMethodAccessorImpl.invoke0(Native Method)
	at java.base/jdk.internal.reflect.NativeMethodAccessorImpl.invoke(NativeMethodAccessorImpl.java:77)
	at java.base/jdk.internal.reflect.DelegatingMethodAccessorImpl.invoke(DelegatingMethodAccessorImpl.java:43)
</property>
  <property name="failed.exception.message">session not created: This version of ChromeDriver only supports Chrome version 126
Current browser version is 151.0.7922.139 with binary path C:\Program Files\Google\Chrome\Application\chrome.exe
Build info: version: &apos;3.141.59&apos;, revision: &apos;unknown&apos;, time: &apos;unknown&apos;
System info: host: &apos;DESKTOP-8DOPEV3&apos;, ip: &apos;192.168.18.96&apos;, os.name: &apos;Windows 10&apos;, os.arch: &apos;amd64&apos;, os.version: &apos;10.0&apos;, java.version: &apos;17.0.7&apos;
Driver info: driver.version: CChromeDriver
remote stacktrace: 	GetHandleVerifier [0x00EA0E23+27667]
	(No symbol) [0x00E36B24]
	(No symbol) [0x00D31AFF]
	(No symbol) [0x00D64B1A]
	(No symbol) [0x00D63E7D]
	(No symbol) [0x00D5EDAE]
	(No symbol) [0x00D5ABD9]
	(No symbol) [0x00D9D523]
	(No symbol) [0x00D9CD4A]
	(No symbol) [0x00D936C6]
	(No symbol) [0x00D674D1]
	(No symbol) [0x00D6804D]
	GetHandleVerifier [0x01153CA3+2857619]
	GetHandleVerifier [0x011A7E0D+3202045]
	GetHandleVerifier [0x00F24624+566292]
	GetHandleVerifier [0x00F2B81C+595468]
	(No symbol) [0x00E3F914]
	(No symbol) [0x00E3C628]
	(No symbol) [0x00E3C7C7]
	(No symbol) [0x00E2E6BE]
	BaseThreadInitThunk [0x75DEFCC9+25]
	RtlGetAppContainerNamedObjectPath [0x76ED843E+286]
	RtlGetAppContainerNamedObjectPath [0x76ED840E+238]
</property>
</record>
<record>
  <date>2026-08-18T11:05:14.039102200Z</date>
  <millis>1787051114039</millis>
  <nanos>102200</nanos>
  <sequence>56</sequence>
  <level>END</level>
  <class>com.kms.katalon.core.logging.XmlKeywordLogger</class>
  <method>endKeyword</method>
  <thread>1</thread>
  <message>End action : openBrowser(&amp;quot;&amp;quot;)</message>
  <nestedLevel>1</nestedLevel>
  <escapedJava>false</escapedJava>
</record>
<record>
  <date>2026-08-18T11:05:14.040101800Z</date>
  <millis>1787051114040</millis>
  <nanos>101800</nanos>
  <sequence>59</sequence>
  <level>FAILED</level>
  <class>com.kms.katalon.core.logging.XmlKeywordLogger</class>
  <method>logMessage</method>
  <thread>1</thread>
  <message>Test Cases/add new test case FAILED.
Reason:
com.kms.katalon.core.exception.StepFailedException: Unable to open browser with url: &amp;apos;&amp;apos;
	at com.kms.katalon.core.webui.keyword.internal.WebUIKeywordMain.stepFailed(WebUIKeywordMain.groovy:64)
	at com.kms.katalon.core.webui.keyword.internal.WebUIKeywordMain.runKeyword(WebUIKeywordMain.groovy:26)
	at com.kms.katalon.core.webui.keyword.builtin.OpenBrowserKeyword.openBrowser(OpenBrowserKeyword.groovy:81)
	at com.kms.katalon.core.webui.keyword.builtin.OpenBrowserKeyword.execute(OpenBrowserKeyword.groovy:67)
	at com.kms.katalon.core.keyword.internal.KeywordExecutor.executeKeywordForPlatform(KeywordExecutor.groovy:74)
	at com.kms.katalon.core.webui.keyword.WebUiBuiltInKeywords.openBrowser(WebUiBuiltInKeywords.groovy:64)
	at add new test case.run(add new test case:20)
	at com.kms.katalon.core.main.ScriptEngine.run(ScriptEngine.java:194)
	at com.kms.katalon.core.main.ScriptEngine.runScriptAsRawText(ScriptEngine.java:119)
	at com.kms.katalon.core.main.TestCaseExecutor.runScript(TestCaseExecutor.java:448)
	at com.kms.katalon.core.main.TestCaseExecutor.doExecute(TestCaseExecutor.java:439)
	at com.kms.katalon.core.main.TestCaseExecutor.processExecutionPhase(TestCaseExecutor.java:418)
	at com.kms.katalon.core.main.TestCaseExecutor.accessMainPhase(TestCaseExecutor.java:410)
	at com.kms.katalon.core.main.TestCaseExecutor.execute(TestCaseExecutor.java:285)
	at com.kms.katalon.core.main.TestCaseExecutor.execute(TestCaseExecutor.java:369)
	at com.kms.katalon.core.main.TestCaseExecutor.execute(TestCaseExecutor.java:369)
	at com.kms.katalon.core.common.CommonExecutor.accessTestCaseMainPhase(CommonExecutor.java:65)
	at com.kms.katalon.core.main.TestSuiteExecutor.accessTestSuiteMainPhase(TestSuiteExecutor.java:150)
	at com.kms.katalon.core.main.TestSuiteExecutor.execute(TestSuiteExecutor.java:106)
	at com.kms.katalon.core.main.TestCaseMain.startTestSuite(TestCaseMain.java:180)
	at TempTestSuite1787051105390.run(TempTestSuite1787051105390.groovy:35)
	at java.base/jdk.internal.reflect.NativeMethodAccessorImpl.invoke0(Native Method)
	at java.base/jdk.internal.reflect.NativeMethodAccessorImpl.invoke(NativeMethodAccessorImpl.java:77)
	at java.base/jdk.internal.reflect.DelegatingMethodAccessorImpl.invoke(DelegatingMethodAccessorImpl.java:43)
Caused by: org.openqa.selenium.SessionNotCreatedException: session not created: This version of ChromeDriver only supports Chrome version 126
Current browser version is 151.0.7922.139 with binary path C:\Program Files\Google\Chrome\Application\chrome.exe
Build info: version: &amp;apos;3.141.59&amp;apos;, revision: &amp;apos;unknown&amp;apos;, time: &amp;apos;unknown&amp;apos;
System info: host: &amp;apos;DESKTOP-8DOPEV3&amp;apos;, ip: &amp;apos;192.168.18.96&amp;apos;, os.name: &amp;apos;Windows 10&amp;apos;, os.arch: &amp;apos;amd64&amp;apos;, os.version: &amp;apos;10.0&amp;apos;, java.version: &amp;apos;17.0.7&amp;apos;
Driver info: driver.version: CChromeDriver
remote stacktrace: 	GetHandleVerifier [0x00EA0E23+27667]
	(No symbol) [0x00E36B24]
	(No symbol) [0x00D31AFF]
	(No symbol) [0x00D64B1A]
	(No symbol) [0x00D63E7D]
	(No symbol) [0x00D5EDAE]
	(No symbol) [0x00D5ABD9]
	(No symbol) [0x00D9D523]
	(No symbol) [0x00D9CD4A]
	(No symbol) [0x00D936C6]
	(No symbol) [0x00D674D1]
	(No symbol) [0x00D6804D]
	GetHandleVerifier [0x01153CA3+2857619]
	GetHandleVerifier [0x011A7E0D+3202045]
	GetHandleVerifier [0x00F24624+566292]
	GetHandleVerifier [0x00F2B81C+595468]
	(No symbol) [0x00E3F914]
	(No symbol) [0x00E3C628]
	(No symbol) [0x00E3C7C7]
	(No symbol) [0x00E2E6BE]
	BaseThreadInitThunk [0x75DEFCC9+25]
	RtlGetAppContainerNamedObjectPath [0x76ED843E+286]
	RtlGetAppContainerNamedObjectPath [0x76ED840E+238]

	at java.base/jdk.internal.reflect.NativeConstructorAccessorImpl.newInstance0(Native Method)
	at java.base/jdk.internal.reflect.NativeConstructorAccessorImpl.newInstance(NativeConstructorAccessorImpl.java:77)
	at java.base/jdk.internal.reflect.DelegatingConstructorAccessorImpl.newInstance(DelegatingConstructorAccessorImpl.java:45)
	at org.openqa.selenium.remote.W3CHandshakeResponse.lambda$errorHandler$0(W3CHandshakeResponse.java:62)
	at org.openqa.selenium.remote.HandshakeResponse.lambda$getResponseFunction$0(HandshakeResponse.java:30)
	at org.openqa.selenium.remote.ProtocolHandshake.lambda$createSession$0(ProtocolHandshake.java:126)
	at org.openqa.selenium.remote.ProtocolHandshake.createSession(ProtocolHandshake.java:128)
	at org.openqa.selenium.remote.ProtocolHandshake.createSession(ProtocolHandshake.java:74)
	at org.openqa.selenium.remote.HttpCommandExecutor.execute(HttpCommandExecutor.java:136)
	at org.openqa.selenium.remote.service.DriverCommandExecutor.execute(DriverCommandExecutor.java:83)
	at org.openqa.selenium.remote.RemoteWebDriver.execute(RemoteWebDriver.java:552)
	at com.kms.katalon.selenium.driver.CChromeDriver.execute(CChromeDriver.java:19)
	at org.openqa.selenium.remote.RemoteWebDriver.startSession(RemoteWebDriver.java:213)
	at org.openqa.selenium.remote.RemoteWebDriver.&amp;lt;init&amp;gt;(RemoteWebDriver.java:131)
	at org.openqa.selenium.chrome.ChromeDriver.&amp;lt;init&amp;gt;(ChromeDriver.java:181)
	at org.openqa.selenium.chrome.ChromeDriver.&amp;lt;init&amp;gt;(ChromeDriver.java:147)
	at com.kms.katalon.selenium.driver.CChromeDriver.&amp;lt;init&amp;gt;(CChromeDriver.java:13)
	at com.kms.katalon.core.webui.driver.DriverFactory.createNewChromeDriver(DriverFactory.java:449)
	at com.kms.katalon.core.webui.driver.DriverFactory.startNewBrowser(DriverFactory.java:382)
	at com.kms.katalon.core.webui.driver.DriverFactory.openWebDriver(DriverFactory.java:271)
	at com.kms.katalon.core.webui.keyword.builtin.OpenBrowserKeyword$_openBrowser_closure1.doCall(OpenBrowserKeyword.groovy:74)
	at com.kms.katalon.core.webui.keyword.builtin.OpenBrowserKeyword$_openBrowser_closure1.call(OpenBrowserKeyword.groovy)
	at com.kms.katalon.core.webui.keyword.internal.WebUIKeywordMain.runKeyword(WebUIKeywordMain.groovy:20)
	... 22 more
</message>
  <exception>
    <message>com.kms.katalon.core.exception.StepFailedException: Unable to open browser with url: ''</message>
    <frame>
      <class>com.kms.katalon.core.webui.keyword.internal.WebUIKeywordMain</class>
      <method>stepFailed</method>
      <line>64</line>
    </frame>
    <frame>
      <class>com.kms.katalon.core.webui.keyword.internal.WebUIKeywordMain</class>
      <method>runKeyword</method>
      <line>26</line>
    </frame>
    <frame>
      <class>com.kms.katalon.core.webui.keyword.builtin.OpenBrowserKeyword</class>
      <method>openBrowser</method>
      <line>81</line>
    </frame>
    <frame>
      <class>com.kms.katalon.core.webui.keyword.builtin.OpenBrowserKeyword</class>
      <method>execute</method>
      <line>67</line>
    </frame>
    <frame>
      <class>com.kms.katalon.core.keyword.internal.KeywordExecutor</class>
      <method>executeKeywordForPlatform</method>
      <line>74</line>
    </frame>
    <frame>
      <class>com.kms.katalon.core.webui.keyword.WebUiBuiltInKeywords</class>
      <method>openBrowser</method>
      <line>64</line>
    </frame>
    <frame>
      <class>add new test case</class>
      <method>run</method>
      <line>20</line>
    </frame>
    <frame>
      <class>com.kms.katalon.core.main.ScriptEngine</class>
      <method>run</method>
      <line>194</line>
    </frame>
    <frame>
      <class>com.kms.katalon.core.main.ScriptEngine</class>
      <method>runScriptAsRawText</method>
      <line>119</line>
    </frame>
    <frame>
      <class>com.kms.katalon.core.main.TestCaseExecutor</class>
      <method>runScript</method>
      <line>448</line>
    </frame>
    <frame>
      <class>com.kms.katalon.core.main.TestCaseExecutor</class>
      <method>doExecute</method>
      <line>439</line>
    </frame>
    <frame>
      <class>com.kms.katalon.core.main.TestCaseExecutor</class>
      <method>processExecutionPhase</method>
      <line>418</line>
    </frame>
    <frame>
      <class>com.kms.katalon.core.main.TestCaseExecutor</class>
      <method>accessMainPhase</method>
      <line>410</line>
    </frame>
    <frame>
      <class>com.kms.katalon.core.main.TestCaseExecutor</class>
      <method>execute</method>
      <line>285</line>
    </frame>
    <frame>
      <class>com.kms.katalon.core.main.TestCaseExecutor</class>
      <method>execute</method>
      <line>369</line>
    </frame>
    <frame>
      <class>com.kms.katalon.core.main.TestCaseExecutor</class>
      <method>execute</method>
      <line>369</line>
    </frame>
    <frame>
      <class>com.kms.katalon.core.common.CommonExecutor</class>
      <method>accessTestCaseMainPhase</method>
      <line>65</line>
    </frame>
    <frame>
      <class>com.kms.katalon.core.main.TestSuiteExecutor</class>
      <method>accessTestSuiteMainPhase</method>
      <line>150</line>
    </frame>
    <frame>
      <class>com.kms.katalon.core.main.TestSuiteExecutor</class>
      <method>execute</method>
      <line>106</line>
    </frame>
    <frame>
      <class>com.kms.katalon.core.main.TestCaseMain</class>
      <method>startTestSuite</method>
      <line>180</line>
    </frame>
    <frame>
      <class>TempTestSuite1787051105390</class>
      <method>run</method>
      <line>35</line>
    </frame>
    <frame>
      <class>jdk.internal.reflect.NativeMethodAccessorImpl</class>
      <method>invoke0</method>
    </frame>
    <frame>
      <class>jdk.internal.reflect.NativeMethodAccessorImpl</class>
      <method>invoke</method>
      <line>77</line>
    </frame>
    <frame>
      <class>jdk.internal.reflect.DelegatingMethodAccessorImpl</class>
      <method>invoke</method>
      <line>43</line>
    </frame>
  </exception>
  <nestedLevel>0</nestedLevel>
  <escapedJava>false</escapedJava>
  <property name="failed.exception.stacktrace">org.openqa.selenium.SessionNotCreatedException: session not created: This version of ChromeDriver only supports Chrome version 126
Current browser version is 151.0.7922.139 with binary path C:\Program Files\Google\Chrome\Application\chrome.exe
Build info: version: &apos;3.141.59&apos;, revision: &apos;unknown&apos;, time: &apos;unknown&apos;
System info: host: &apos;DESKTOP-8DOPEV3&apos;, ip: &apos;192.168.18.96&apos;, os.name: &apos;Windows 10&apos;, os.arch: &apos;amd64&apos;, os.version: &apos;10.0&apos;, java.version: &apos;17.0.7&apos;
Driver info: driver.version: CChromeDriver
remote stacktrace: 	GetHandleVerifier [0x00EA0E23+27667]
	(No symbol) [0x00E36B24]
	(No symbol) [0x00D31AFF]
	(No symbol) [0x00D64B1A]
	(No symbol) [0x00D63E7D]
	(No symbol) [0x00D5EDAE]
	(No symbol) [0x00D5ABD9]
	(No symbol) [0x00D9D523]
	(No symbol) [0x00D9CD4A]
	(No symbol) [0x00D936C6]
	(No symbol) [0x00D674D1]
	(No symbol) [0x00D6804D]
	GetHandleVerifier [0x01153CA3+2857619]
	GetHandleVerifier [0x011A7E0D+3202045]
	GetHandleVerifier [0x00F24624+566292]
	GetHandleVerifier [0x00F2B81C+595468]
	(No symbol) [0x00E3F914]
	(No symbol) [0x00E3C628]
	(No symbol) [0x00E3C7C7]
	(No symbol) [0x00E2E6BE]
	BaseThreadInitThunk [0x75DEFCC9+25]
	RtlGetAppContainerNamedObjectPath [0x76ED843E+286]
	RtlGetAppContainerNamedObjectPath [0x76ED840E+238]

	at java.base/jdk.internal.reflect.NativeConstructorAccessorImpl.newInstance0(Native Method)
	at java.base/jdk.internal.reflect.NativeConstructorAccessorImpl.newInstance(NativeConstructorAccessorImpl.java:77)
	at java.base/jdk.internal.reflect.DelegatingConstructorAccessorImpl.newInstance(DelegatingConstructorAccessorImpl.java:45)
	at org.openqa.selenium.remote.W3CHandshakeResponse.lambda$errorHandler$0(W3CHandshakeResponse.java:62)
	at org.openqa.selenium.remote.HandshakeResponse.lambda$getResponseFunction$0(HandshakeResponse.java:30)
	at org.openqa.selenium.remote.ProtocolHandshake.lambda$createSession$0(ProtocolHandshake.java:126)
	at org.openqa.selenium.remote.ProtocolHandshake.createSession(ProtocolHandshake.java:128)
	at org.openqa.selenium.remote.ProtocolHandshake.createSession(ProtocolHandshake.java:74)
	at org.openqa.selenium.remote.HttpCommandExecutor.execute(HttpCommandExecutor.java:136)
	at org.openqa.selenium.remote.service.DriverCommandExecutor.execute(DriverCommandExecutor.java:83)
	at org.openqa.selenium.remote.RemoteWebDriver.execute(RemoteWebDriver.java:552)
	at com.kms.katalon.selenium.driver.CChromeDriver.execute(CChromeDriver.java:19)
	at org.openqa.selenium.remote.RemoteWebDriver.startSession(RemoteWebDriver.java:213)
	at org.openqa.selenium.remote.RemoteWebDriver.&lt;init&gt;(RemoteWebDriver.java:131)
	at org.openqa.selenium.chrome.ChromeDriver.&lt;init&gt;(ChromeDriver.java:181)
	at org.openqa.selenium.chrome.ChromeDriver.&lt;init&gt;(ChromeDriver.java:147)
	at com.kms.katalon.selenium.driver.CChromeDriver.&lt;init&gt;(CChromeDriver.java:13)
	at com.kms.katalon.core.webui.driver.DriverFactory.createNewChromeDriver(DriverFactory.java:449)
	at com.kms.katalon.core.webui.driver.DriverFactory.startNewBrowser(DriverFactory.java:382)
	at com.kms.katalon.core.webui.driver.DriverFactory.openWebDriver(DriverFactory.java:271)
	at com.kms.katalon.core.webui.keyword.builtin.OpenBrowserKeyword$_openBrowser_closure1.doCall(OpenBrowserKeyword.groovy:74)
	at com.kms.katalon.core.webui.keyword.builtin.OpenBrowserKeyword$_openBrowser_closure1.call(OpenBrowserKeyword.groovy)
	at com.kms.katalon.core.webui.keyword.internal.WebUIKeywordMain.runKeyword(WebUIKeywordMain.groovy:20)
	at com.kms.katalon.core.webui.keyword.builtin.OpenBrowserKeyword.openBrowser(OpenBrowserKeyword.groovy:81)
	at com.kms.katalon.core.webui.keyword.builtin.OpenBrowserKeyword.execute(OpenBrowserKeyword.groovy:67)
	at com.kms.katalon.core.keyword.internal.KeywordExecutor.executeKeywordForPlatform(KeywordExecutor.groovy:74)
	at com.kms.katalon.core.webui.keyword.WebUiBuiltInKeywords.openBrowser(WebUiBuiltInKeywords.groovy:64)
	at add new test case.run(add new test case:20)
	at com.kms.katalon.core.main.ScriptEngine.run(ScriptEngine.java:194)
	at com.kms.katalon.core.main.ScriptEngine.runScriptAsRawText(ScriptEngine.java:119)
	at com.kms.katalon.core.main.TestCaseExecutor.runScript(TestCaseExecutor.java:448)
	at com.kms.katalon.core.main.TestCaseExecutor.doExecute(TestCaseExecutor.java:439)
	at com.kms.katalon.core.main.TestCaseExecutor.processExecutionPhase(TestCaseExecutor.java:418)
	at com.kms.katalon.core.main.TestCaseExecutor.accessMainPhase(TestCaseExecutor.java:410)
	at com.kms.katalon.core.main.TestCaseExecutor.execute(TestCaseExecutor.java:285)
	at com.kms.katalon.core.main.TestCaseExecutor.execute(TestCaseExecutor.java:369)
	at com.kms.katalon.core.main.TestCaseExecutor.execute(TestCaseExecutor.java:369)
	at com.kms.katalon.core.common.CommonExecutor.accessTestCaseMainPhase(CommonExecutor.java:65)
	at com.kms.katalon.core.main.TestSuiteExecutor.accessTestSuiteMainPhase(TestSuiteExecutor.java:150)
	at com.kms.katalon.core.main.TestSuiteExecutor.execute(TestSuiteExecutor.java:106)
	at com.kms.katalon.core.main.TestCaseMain.startTestSuite(TestCaseMain.java:180)
	at TempTestSuite1787051105390.run(TempTestSuite1787051105390.groovy:35)
	at java.base/jdk.internal.reflect.NativeMethodAccessorImpl.invoke0(Native Method)
	at java.base/jdk.internal.reflect.NativeMethodAccessorImpl.invoke(NativeMethodAccessorImpl.java:77)
	at java.base/jdk.internal.reflect.DelegatingMethodAccessorImpl.invoke(DelegatingMethodAccessorImpl.java:43)
</property>
  <property name="failed.exception.class">org.openqa.selenium.SessionNotCreatedException</property>
  <property name="failed.exception.message">session not created: This version of ChromeDriver only supports Chrome version 126
Current browser version is 151.0.7922.139 with binary path C:\Program Files\Google\Chrome\Application\chrome.exe
Build info: version: &apos;3.141.59&apos;, revision: &apos;unknown&apos;, time: &apos;unknown&apos;
System info: host: &apos;DESKTOP-8DOPEV3&apos;, ip: &apos;192.168.18.96&apos;, os.name: &apos;Windows 10&apos;, os.arch: &apos;amd64&apos;, os.version: &apos;10.0&apos;, java.version: &apos;17.0.7&apos;
Driver info: driver.version: CChromeDriver
remote stacktrace: 	GetHandleVerifier [0x00EA0E23+27667]
	(No symbol) [0x00E36B24]
	(No symbol) [0x00D31AFF]
	(No symbol) [0x00D64B1A]
	(No symbol) [0x00D63E7D]
	(No symbol) [0x00D5EDAE]
	(No symbol) [0x00D5ABD9]
	(No symbol) [0x00D9D523]
	(No symbol) [0x00D9CD4A]
	(No symbol) [0x00D936C6]
	(No symbol) [0x00D674D1]
	(No symbol) [0x00D6804D]
	GetHandleVerifier [0x01153CA3+2857619]
	GetHandleVerifier [0x011A7E0D+3202045]
	GetHandleVerifier [0x00F24624+566292]
	GetHandleVerifier [0x00F2B81C+595468]
	(No symbol) [0x00E3F914]
	(No symbol) [0x00E3C628]
	(No symbol) [0x00E3C7C7]
	(No symbol) [0x00E2E6BE]
	BaseThreadInitThunk [0x75DEFCC9+25]
	RtlGetAppContainerNamedObjectPath [0x76ED843E+286]
	RtlGetAppContainerNamedObjectPath [0x76ED840E+238]
</property>
</record>
<record>
  <date>2026-08-18T11:05:14.044101700Z</date>
  <millis>1787051114044</millis>
  <nanos>101700</nanos>
  <sequence>61</sequence>
  <level>END</level>
  <class>com.kms.katalon.core.logging.XmlKeywordLogger</class>
  <method>endTest</method>
  <thread>1</thread>
  <message>End Test Case : Test Cases/add new test case</message>
  <nestedLevel>0</nestedLevel>
  <escapedJava>false</escapedJava>
  <property name="executionBindingVariables">[]</property>
  <property name="applitools">false</property>
  <property name="remainingRetryCount">1</property>
  <property name="currentRetryCount">2</property>
  <property name="keywordsUsage">{
  &quot;web_ui&quot;: true,
  &quot;web_service&quot;: false,
  &quot;cucumber&quot;: false,
  &quot;builtin&quot;: false,
  &quot;mobile&quot;: false,
  &quot;windows&quot;: false,
  &quot;testng&quot;: false
}</property>
</record>
<record>
  <date>2026-08-18T11:05:14.048100600Z</date>
  <millis>1787051114048</millis>
  <nanos>100600</nanos>
  <sequence>62</sequence>
  <level>START</level>
  <class>com.kms.katalon.core.logging.XmlKeywordLogger</class>
  <method>startTest</method>
  <thread>1</thread>
  <message>Start Test Case : Test Cases/add new test case</message>
  <nestedLevel>1</nestedLevel>
  <escapedJava>false</escapedJava>
  <property name="remainingRetryCount">0</property>
  <property name="name">Test Cases/add new test case</property>
  <property name="description"></property>
  <property name="iteration"></property>
  <property name="id">Test Cases/add new test case</property>
  <property name="source">C:\Users\Pc p\git\katalon_automation_testing\Test Cases\add new test case.tc</property>
  <property name="tag"></property>
  <property name="isOptional">false</property>
  <property name="currentRetryCount">3</property>
</record>
<record>
  <date>2026-08-18T11:05:14.063099400Z</date>
  <millis>1787051114063</millis>
  <nanos>99400</nanos>
  <sequence>64</sequence>
  <level>START</level>
  <class>com.kms.katalon.core.logging.XmlKeywordLogger</class>
  <method>startKeyword</method>
  <thread>1</thread>
  <message>Start action : openBrowser(&amp;quot;&amp;quot;)</message>
  <nestedLevel>1</nestedLevel>
  <escapedJava>false</escapedJava>
  <property name="startLine">20</property>
  <property name="stepIndex">1</property>
</record>
<record>
  <date>2026-08-18T11:05:14.069101600Z</date>
  <millis>1787051114069</millis>
  <nanos>101600</nanos>
  <sequence>66</sequence>
  <level>INFO</level>
  <class>com.kms.katalon.core.logging.XmlKeywordLogger</class>
  <method>logMessage</method>
  <thread>1</thread>
  <message>Starting &amp;apos;Chrome&amp;apos; driver</message>
  <nestedLevel>1</nestedLevel>
  <escapedJava>false</escapedJava>
</record>
<record>
  <date>2026-08-18T11:05:14.075100Z</date>
  <millis>1787051114075</millis>
  <nanos>100000</nanos>
  <sequence>68</sequence>
  <level>INFO</level>
  <class>com.kms.katalon.core.logging.XmlKeywordLogger</class>
  <method>logMessage</method>
  <thread>1</thread>
  <message>Action delay is set to 0 milliseconds</message>
  <nestedLevel>1</nestedLevel>
  <escapedJava>false</escapedJava>
</record>
<record>
  <date>2026-08-18T11:05:14.929098800Z</date>
  <millis>1787051114929</millis>
  <nanos>98800</nanos>
  <sequence>72</sequence>
  <level>FAILED</level>
  <class>com.kms.katalon.core.logging.XmlKeywordLogger</class>
  <method>logMessage</method>
  <thread>1</thread>
  <message>Unable to open browser with url: &amp;apos;&amp;apos; (Root cause: com.kms.katalon.core.exception.StepFailedException: Unable to open browser with url: &amp;apos;&amp;apos;
	at com.kms.katalon.core.webui.keyword.internal.WebUIKeywordMain.stepFailed(WebUIKeywordMain.groovy:64)
	at com.kms.katalon.core.webui.keyword.internal.WebUIKeywordMain.runKeyword(WebUIKeywordMain.groovy:26)
	at com.kms.katalon.core.webui.keyword.builtin.OpenBrowserKeyword.openBrowser(OpenBrowserKeyword.groovy:81)
	at com.kms.katalon.core.webui.keyword.builtin.OpenBrowserKeyword.execute(OpenBrowserKeyword.groovy:67)
	at com.kms.katalon.core.keyword.internal.KeywordExecutor.executeKeywordForPlatform(KeywordExecutor.groovy:74)
	at com.kms.katalon.core.webui.keyword.WebUiBuiltInKeywords.openBrowser(WebUiBuiltInKeywords.groovy:64)
	at add new test case.run(add new test case:20)
	at com.kms.katalon.core.main.ScriptEngine.run(ScriptEngine.java:194)
	at com.kms.katalon.core.main.ScriptEngine.runScriptAsRawText(ScriptEngine.java:119)
	at com.kms.katalon.core.main.TestCaseExecutor.runScript(TestCaseExecutor.java:448)
	at com.kms.katalon.core.main.TestCaseExecutor.doExecute(TestCaseExecutor.java:439)
	at com.kms.katalon.core.main.TestCaseExecutor.processExecutionPhase(TestCaseExecutor.java:418)
	at com.kms.katalon.core.main.TestCaseExecutor.accessMainPhase(TestCaseExecutor.java:410)
	at com.kms.katalon.core.main.TestCaseExecutor.execute(TestCaseExecutor.java:285)
	at com.kms.katalon.core.main.TestCaseExecutor.execute(TestCaseExecutor.java:369)
	at com.kms.katalon.core.main.TestCaseExecutor.execute(TestCaseExecutor.java:369)
	at com.kms.katalon.core.main.TestCaseExecutor.execute(TestCaseExecutor.java:369)
	at com.kms.katalon.core.common.CommonExecutor.accessTestCaseMainPhase(CommonExecutor.java:65)
	at com.kms.katalon.core.main.TestSuiteExecutor.accessTestSuiteMainPhase(TestSuiteExecutor.java:150)
	at com.kms.katalon.core.main.TestSuiteExecutor.execute(TestSuiteExecutor.java:106)
	at com.kms.katalon.core.main.TestCaseMain.startTestSuite(TestCaseMain.java:180)
	at TempTestSuite1787051105390.run(TempTestSuite1787051105390.groovy:35)
	at java.base/jdk.internal.reflect.NativeMethodAccessorImpl.invoke0(Native Method)
	at java.base/jdk.internal.reflect.NativeMethodAccessorImpl.invoke(NativeMethodAccessorImpl.java:77)
	at java.base/jdk.internal.reflect.DelegatingMethodAccessorImpl.invoke(DelegatingMethodAccessorImpl.java:43)
Caused by: org.openqa.selenium.SessionNotCreatedException: session not created: This version of ChromeDriver only supports Chrome version 126
Current browser version is 151.0.7922.139 with binary path C:\Program Files\Google\Chrome\Application\chrome.exe
Build info: version: &amp;apos;3.141.59&amp;apos;, revision: &amp;apos;unknown&amp;apos;, time: &amp;apos;unknown&amp;apos;
System info: host: &amp;apos;DESKTOP-8DOPEV3&amp;apos;, ip: &amp;apos;192.168.18.96&amp;apos;, os.name: &amp;apos;Windows 10&amp;apos;, os.arch: &amp;apos;amd64&amp;apos;, os.version: &amp;apos;10.0&amp;apos;, java.version: &amp;apos;17.0.7&amp;apos;
Driver info: driver.version: CChromeDriver
remote stacktrace: 	GetHandleVerifier [0x00EA0E23+27667]
	(No symbol) [0x00E36B24]
	(No symbol) [0x00D31AFF]
	(No symbol) [0x00D64B1A]
	(No symbol) [0x00D63E7D]
	(No symbol) [0x00D5EDAE]
	(No symbol) [0x00D5ABD9]
	(No symbol) [0x00D9D523]
	(No symbol) [0x00D9CD4A]
	(No symbol) [0x00D936C6]
	(No symbol) [0x00D674D1]
	(No symbol) [0x00D6804D]
	GetHandleVerifier [0x01153CA3+2857619]
	GetHandleVerifier [0x011A7E0D+3202045]
	GetHandleVerifier [0x00F24624+566292]
	GetHandleVerifier [0x00F2B81C+595468]
	(No symbol) [0x00E3F914]
	(No symbol) [0x00E3C628]
	(No symbol) [0x00E3C7C7]
	(No symbol) [0x00E2E6BE]
	BaseThreadInitThunk [0x75DEFCC9+25]
	RtlGetAppContainerNamedObjectPath [0x76ED843E+286]
	RtlGetAppContainerNamedObjectPath [0x76ED840E+238]

	at java.base/jdk.internal.reflect.NativeConstructorAccessorImpl.newInstance0(Native Method)
	at java.base/jdk.internal.reflect.NativeConstructorAccessorImpl.newInstance(NativeConstructorAccessorImpl.java:77)
	at java.base/jdk.internal.reflect.DelegatingConstructorAccessorImpl.newInstance(DelegatingConstructorAccessorImpl.java:45)
	at org.openqa.selenium.remote.W3CHandshakeResponse.lambda$errorHandler$0(W3CHandshakeResponse.java:62)
	at org.openqa.selenium.remote.HandshakeResponse.lambda$getResponseFunction$0(HandshakeResponse.java:30)
	at org.openqa.selenium.remote.ProtocolHandshake.lambda$createSession$0(ProtocolHandshake.java:126)
	at org.openqa.selenium.remote.ProtocolHandshake.createSession(ProtocolHandshake.java:128)
	at org.openqa.selenium.remote.ProtocolHandshake.createSession(ProtocolHandshake.java:74)
	at org.openqa.selenium.remote.HttpCommandExecutor.execute(HttpCommandExecutor.java:136)
	at org.openqa.selenium.remote.service.DriverCommandExecutor.execute(DriverCommandExecutor.java:83)
	at org.openqa.selenium.remote.RemoteWebDriver.execute(RemoteWebDriver.java:552)
	at com.kms.katalon.selenium.driver.CChromeDriver.execute(CChromeDriver.java:19)
	at org.openqa.selenium.remote.RemoteWebDriver.startSession(RemoteWebDriver.java:213)
	at org.openqa.selenium.remote.RemoteWebDriver.&amp;lt;init&amp;gt;(RemoteWebDriver.java:131)
	at org.openqa.selenium.chrome.ChromeDriver.&amp;lt;init&amp;gt;(ChromeDriver.java:181)
	at org.openqa.selenium.chrome.ChromeDriver.&amp;lt;init&amp;gt;(ChromeDriver.java:147)
	at com.kms.katalon.selenium.driver.CChromeDriver.&amp;lt;init&amp;gt;(CChromeDriver.java:13)
	at com.kms.katalon.core.webui.driver.DriverFactory.createNewChromeDriver(DriverFactory.java:449)
	at com.kms.katalon.core.webui.driver.DriverFactory.startNewBrowser(DriverFactory.java:382)
	at com.kms.katalon.core.webui.driver.DriverFactory.openWebDriver(DriverFactory.java:271)
	at com.kms.katalon.core.webui.keyword.builtin.OpenBrowserKeyword$_openBrowser_closure1.doCall(OpenBrowserKeyword.groovy:74)
	at com.kms.katalon.core.webui.keyword.builtin.OpenBrowserKeyword$_openBrowser_closure1.call(OpenBrowserKeyword.groovy)
	at com.kms.katalon.core.webui.keyword.internal.WebUIKeywordMain.runKeyword(WebUIKeywordMain.groovy:20)
	at com.kms.katalon.core.webui.keyword.builtin.OpenBrowserKeyword.openBrowser(OpenBrowserKeyword.groovy:81)
	at com.kms.katalon.core.webui.keyword.builtin.OpenBrowserKeyword.execute(OpenBrowserKeyword.groovy:67)
	at com.kms.katalon.core.keyword.internal.KeywordExecutor.executeKeywordForPlatform(KeywordExecutor.groovy:74)
	at com.kms.katalon.core.webui.keyword.WebUiBuiltInKeywords.openBrowser(WebUiBuiltInKeywords.groovy:64)
	at Script1786471458684.run(Script1786471458684.groovy:20)
	... 18 more
)</message>
  <nestedLevel>1</nestedLevel>
  <escapedJava>false</escapedJava>
  <property name="failed.exception.class">org.openqa.selenium.SessionNotCreatedException</property>
  <property name="failed.exception.stacktrace">org.openqa.selenium.SessionNotCreatedException: session not created: This version of ChromeDriver only supports Chrome version 126
Current browser version is 151.0.7922.139 with binary path C:\Program Files\Google\Chrome\Application\chrome.exe
Build info: version: &apos;3.141.59&apos;, revision: &apos;unknown&apos;, time: &apos;unknown&apos;
System info: host: &apos;DESKTOP-8DOPEV3&apos;, ip: &apos;192.168.18.96&apos;, os.name: &apos;Windows 10&apos;, os.arch: &apos;amd64&apos;, os.version: &apos;10.0&apos;, java.version: &apos;17.0.7&apos;
Driver info: driver.version: CChromeDriver
remote stacktrace: 	GetHandleVerifier [0x00EA0E23+27667]
	(No symbol) [0x00E36B24]
	(No symbol) [0x00D31AFF]
	(No symbol) [0x00D64B1A]
	(No symbol) [0x00D63E7D]
	(No symbol) [0x00D5EDAE]
	(No symbol) [0x00D5ABD9]
	(No symbol) [0x00D9D523]
	(No symbol) [0x00D9CD4A]
	(No symbol) [0x00D936C6]
	(No symbol) [0x00D674D1]
	(No symbol) [0x00D6804D]
	GetHandleVerifier [0x01153CA3+2857619]
	GetHandleVerifier [0x011A7E0D+3202045]
	GetHandleVerifier [0x00F24624+566292]
	GetHandleVerifier [0x00F2B81C+595468]
	(No symbol) [0x00E3F914]
	(No symbol) [0x00E3C628]
	(No symbol) [0x00E3C7C7]
	(No symbol) [0x00E2E6BE]
	BaseThreadInitThunk [0x75DEFCC9+25]
	RtlGetAppContainerNamedObjectPath [0x76ED843E+286]
	RtlGetAppContainerNamedObjectPath [0x76ED840E+238]

	at java.base/jdk.internal.reflect.NativeConstructorAccessorImpl.newInstance0(Native Method)
	at java.base/jdk.internal.reflect.NativeConstructorAccessorImpl.newInstance(NativeConstructorAccessorImpl.java:77)
	at java.base/jdk.internal.reflect.DelegatingConstructorAccessorImpl.newInstance(DelegatingConstructorAccessorImpl.java:45)
	at org.openqa.selenium.remote.W3CHandshakeResponse.lambda$errorHandler$0(W3CHandshakeResponse.java:62)
	at org.openqa.selenium.remote.HandshakeResponse.lambda$getResponseFunction$0(HandshakeResponse.java:30)
	at org.openqa.selenium.remote.ProtocolHandshake.lambda$createSession$0(ProtocolHandshake.java:126)
	at org.openqa.selenium.remote.ProtocolHandshake.createSession(ProtocolHandshake.java:128)
	at org.openqa.selenium.remote.ProtocolHandshake.createSession(ProtocolHandshake.java:74)
	at org.openqa.selenium.remote.HttpCommandExecutor.execute(HttpCommandExecutor.java:136)
	at org.openqa.selenium.remote.service.DriverCommandExecutor.execute(DriverCommandExecutor.java:83)
	at org.openqa.selenium.remote.RemoteWebDriver.execute(RemoteWebDriver.java:552)
	at com.kms.katalon.selenium.driver.CChromeDriver.execute(CChromeDriver.java:19)
	at org.openqa.selenium.remote.RemoteWebDriver.startSession(RemoteWebDriver.java:213)
	at org.openqa.selenium.remote.RemoteWebDriver.&lt;init&gt;(RemoteWebDriver.java:131)
	at org.openqa.selenium.chrome.ChromeDriver.&lt;init&gt;(ChromeDriver.java:181)
	at org.openqa.selenium.chrome.ChromeDriver.&lt;init&gt;(ChromeDriver.java:147)
	at com.kms.katalon.selenium.driver.CChromeDriver.&lt;init&gt;(CChromeDriver.java:13)
	at com.kms.katalon.core.webui.driver.DriverFactory.createNewChromeDriver(DriverFactory.java:449)
	at com.kms.katalon.core.webui.driver.DriverFactory.startNewBrowser(DriverFactory.java:382)
	at com.kms.katalon.core.webui.driver.DriverFactory.openWebDriver(DriverFactory.java:271)
	at com.kms.katalon.core.webui.keyword.builtin.OpenBrowserKeyword$_openBrowser_closure1.doCall(OpenBrowserKeyword.groovy:74)
	at com.kms.katalon.core.webui.keyword.builtin.OpenBrowserKeyword$_openBrowser_closure1.call(OpenBrowserKeyword.groovy)
	at com.kms.katalon.core.webui.keyword.internal.WebUIKeywordMain.runKeyword(WebUIKeywordMain.groovy:20)
	at com.kms.katalon.core.webui.keyword.builtin.OpenBrowserKeyword.openBrowser(OpenBrowserKeyword.groovy:81)
	at com.kms.katalon.core.webui.keyword.builtin.OpenBrowserKeyword.execute(OpenBrowserKeyword.groovy:67)
	at com.kms.katalon.core.keyword.internal.KeywordExecutor.executeKeywordForPlatform(KeywordExecutor.groovy:74)
	at com.kms.katalon.core.webui.keyword.WebUiBuiltInKeywords.openBrowser(WebUiBuiltInKeywords.groovy:64)
	at add new test case.run(add new test case:20)
	at com.kms.katalon.core.main.ScriptEngine.run(ScriptEngine.java:194)
	at com.kms.katalon.core.main.ScriptEngine.runScriptAsRawText(ScriptEngine.java:119)
	at com.kms.katalon.core.main.TestCaseExecutor.runScript(TestCaseExecutor.java:448)
	at com.kms.katalon.core.main.TestCaseExecutor.doExecute(TestCaseExecutor.java:439)
	at com.kms.katalon.core.main.TestCaseExecutor.processExecutionPhase(TestCaseExecutor.java:418)
	at com.kms.katalon.core.main.TestCaseExecutor.accessMainPhase(TestCaseExecutor.java:410)
	at com.kms.katalon.core.main.TestCaseExecutor.execute(TestCaseExecutor.java:285)
	at com.kms.katalon.core.main.TestCaseExecutor.execute(TestCaseExecutor.java:369)
	at com.kms.katalon.core.main.TestCaseExecutor.execute(TestCaseExecutor.java:369)
	at com.kms.katalon.core.main.TestCaseExecutor.execute(TestCaseExecutor.java:369)
	at com.kms.katalon.core.common.CommonExecutor.accessTestCaseMainPhase(CommonExecutor.java:65)
	at com.kms.katalon.core.main.TestSuiteExecutor.accessTestSuiteMainPhase(TestSuiteExecutor.java:150)
	at com.kms.katalon.core.main.TestSuiteExecutor.execute(TestSuiteExecutor.java:106)
	at com.kms.katalon.core.main.TestCaseMain.startTestSuite(TestCaseMain.java:180)
	at TempTestSuite1787051105390.run(TempTestSuite1787051105390.groovy:35)
	at java.base/jdk.internal.reflect.NativeMethodAccessorImpl.invoke0(Native Method)
	at java.base/jdk.internal.reflect.NativeMethodAccessorImpl.invoke(NativeMethodAccessorImpl.java:77)
	at java.base/jdk.internal.reflect.DelegatingMethodAccessorImpl.invoke(DelegatingMethodAccessorImpl.java:43)
</property>
  <property name="failed.exception.message">session not created: This version of ChromeDriver only supports Chrome version 126
Current browser version is 151.0.7922.139 with binary path C:\Program Files\Google\Chrome\Application\chrome.exe
Build info: version: &apos;3.141.59&apos;, revision: &apos;unknown&apos;, time: &apos;unknown&apos;
System info: host: &apos;DESKTOP-8DOPEV3&apos;, ip: &apos;192.168.18.96&apos;, os.name: &apos;Windows 10&apos;, os.arch: &apos;amd64&apos;, os.version: &apos;10.0&apos;, java.version: &apos;17.0.7&apos;
Driver info: driver.version: CChromeDriver
remote stacktrace: 	GetHandleVerifier [0x00EA0E23+27667]
	(No symbol) [0x00E36B24]
	(No symbol) [0x00D31AFF]
	(No symbol) [0x00D64B1A]
	(No symbol) [0x00D63E7D]
	(No symbol) [0x00D5EDAE]
	(No symbol) [0x00D5ABD9]
	(No symbol) [0x00D9D523]
	(No symbol) [0x00D9CD4A]
	(No symbol) [0x00D936C6]
	(No symbol) [0x00D674D1]
	(No symbol) [0x00D6804D]
	GetHandleVerifier [0x01153CA3+2857619]
	GetHandleVerifier [0x011A7E0D+3202045]
	GetHandleVerifier [0x00F24624+566292]
	GetHandleVerifier [0x00F2B81C+595468]
	(No symbol) [0x00E3F914]
	(No symbol) [0x00E3C628]
	(No symbol) [0x00E3C7C7]
	(No symbol) [0x00E2E6BE]
	BaseThreadInitThunk [0x75DEFCC9+25]
	RtlGetAppContainerNamedObjectPath [0x76ED843E+286]
	RtlGetAppContainerNamedObjectPath [0x76ED840E+238]
</property>
</record>
<record>
  <date>2026-08-18T11:05:14.931099900Z</date>
  <millis>1787051114931</millis>
  <nanos>99900</nanos>
  <sequence>75</sequence>
  <level>END</level>
  <class>com.kms.katalon.core.logging.XmlKeywordLogger</class>
  <method>endKeyword</method>
  <thread>1</thread>
  <message>End action : openBrowser(&amp;quot;&amp;quot;)</message>
  <nestedLevel>1</nestedLevel>
  <escapedJava>false</escapedJava>
</record>
<record>
  <date>2026-08-18T11:05:14.932101300Z</date>
  <millis>1787051114932</millis>
  <nanos>101300</nanos>
  <sequence>78</sequence>
  <level>FAILED</level>
  <class>com.kms.katalon.core.logging.XmlKeywordLogger</class>
  <method>logMessage</method>
  <thread>1</thread>
  <message>Test Cases/add new test case FAILED.
Reason:
com.kms.katalon.core.exception.StepFailedException: Unable to open browser with url: &amp;apos;&amp;apos;
	at com.kms.katalon.core.webui.keyword.internal.WebUIKeywordMain.stepFailed(WebUIKeywordMain.groovy:64)
	at com.kms.katalon.core.webui.keyword.internal.WebUIKeywordMain.runKeyword(WebUIKeywordMain.groovy:26)
	at com.kms.katalon.core.webui.keyword.builtin.OpenBrowserKeyword.openBrowser(OpenBrowserKeyword.groovy:81)
	at com.kms.katalon.core.webui.keyword.builtin.OpenBrowserKeyword.execute(OpenBrowserKeyword.groovy:67)
	at com.kms.katalon.core.keyword.internal.KeywordExecutor.executeKeywordForPlatform(KeywordExecutor.groovy:74)
	at com.kms.katalon.core.webui.keyword.WebUiBuiltInKeywords.openBrowser(WebUiBuiltInKeywords.groovy:64)
	at add new test case.run(add new test case:20)
	at com.kms.katalon.core.main.ScriptEngine.run(ScriptEngine.java:194)
	at com.kms.katalon.core.main.ScriptEngine.runScriptAsRawText(ScriptEngine.java:119)
	at com.kms.katalon.core.main.TestCaseExecutor.runScript(TestCaseExecutor.java:448)
	at com.kms.katalon.core.main.TestCaseExecutor.doExecute(TestCaseExecutor.java:439)
	at com.kms.katalon.core.main.TestCaseExecutor.processExecutionPhase(TestCaseExecutor.java:418)
	at com.kms.katalon.core.main.TestCaseExecutor.accessMainPhase(TestCaseExecutor.java:410)
	at com.kms.katalon.core.main.TestCaseExecutor.execute(TestCaseExecutor.java:285)
	at com.kms.katalon.core.main.TestCaseExecutor.execute(TestCaseExecutor.java:369)
	at com.kms.katalon.core.main.TestCaseExecutor.execute(TestCaseExecutor.java:369)
	at com.kms.katalon.core.main.TestCaseExecutor.execute(TestCaseExecutor.java:369)
	at com.kms.katalon.core.common.CommonExecutor.accessTestCaseMainPhase(CommonExecutor.java:65)
	at com.kms.katalon.core.main.TestSuiteExecutor.accessTestSuiteMainPhase(TestSuiteExecutor.java:150)
	at com.kms.katalon.core.main.TestSuiteExecutor.execute(TestSuiteExecutor.java:106)
	at com.kms.katalon.core.main.TestCaseMain.startTestSuite(TestCaseMain.java:180)
	at TempTestSuite1787051105390.run(TempTestSuite1787051105390.groovy:35)
	at java.base/jdk.internal.reflect.NativeMethodAccessorImpl.invoke0(Native Method)
	at java.base/jdk.internal.reflect.NativeMethodAccessorImpl.invoke(NativeMethodAccessorImpl.java:77)
	at java.base/jdk.internal.reflect.DelegatingMethodAccessorImpl.invoke(DelegatingMethodAccessorImpl.java:43)
Caused by: org.openqa.selenium.SessionNotCreatedException: session not created: This version of ChromeDriver only supports Chrome version 126
Current browser version is 151.0.7922.139 with binary path C:\Program Files\Google\Chrome\Application\chrome.exe
Build info: version: &amp;apos;3.141.59&amp;apos;, revision: &amp;apos;unknown&amp;apos;, time: &amp;apos;unknown&amp;apos;
System info: host: &amp;apos;DESKTOP-8DOPEV3&amp;apos;, ip: &amp;apos;192.168.18.96&amp;apos;, os.name: &amp;apos;Windows 10&amp;apos;, os.arch: &amp;apos;amd64&amp;apos;, os.version: &amp;apos;10.0&amp;apos;, java.version: &amp;apos;17.0.7&amp;apos;
Driver info: driver.version: CChromeDriver
remote stacktrace: 	GetHandleVerifier [0x00EA0E23+27667]
	(No symbol) [0x00E36B24]
	(No symbol) [0x00D31AFF]
	(No symbol) [0x00D64B1A]
	(No symbol) [0x00D63E7D]
	(No symbol) [0x00D5EDAE]
	(No symbol) [0x00D5ABD9]
	(No symbol) [0x00D9D523]
	(No symbol) [0x00D9CD4A]
	(No symbol) [0x00D936C6]
	(No symbol) [0x00D674D1]
	(No symbol) [0x00D6804D]
	GetHandleVerifier [0x01153CA3+2857619]
	GetHandleVerifier [0x011A7E0D+3202045]
	GetHandleVerifier [0x00F24624+566292]
	GetHandleVerifier [0x00F2B81C+595468]
	(No symbol) [0x00E3F914]
	(No symbol) [0x00E3C628]
	(No symbol) [0x00E3C7C7]
	(No symbol) [0x00E2E6BE]
	BaseThreadInitThunk [0x75DEFCC9+25]
	RtlGetAppContainerNamedObjectPath [0x76ED843E+286]
	RtlGetAppContainerNamedObjectPath [0x76ED840E+238]

	at java.base/jdk.internal.reflect.NativeConstructorAccessorImpl.newInstance0(Native Method)
	at java.base/jdk.internal.reflect.NativeConstructorAccessorImpl.newInstance(NativeConstructorAccessorImpl.java:77)
	at java.base/jdk.internal.reflect.DelegatingConstructorAccessorImpl.newInstance(DelegatingConstructorAccessorImpl.java:45)
	at org.openqa.selenium.remote.W3CHandshakeResponse.lambda$errorHandler$0(W3CHandshakeResponse.java:62)
	at org.openqa.selenium.remote.HandshakeResponse.lambda$getResponseFunction$0(HandshakeResponse.java:30)
	at org.openqa.selenium.remote.ProtocolHandshake.lambda$createSession$0(ProtocolHandshake.java:126)
	at org.openqa.selenium.remote.ProtocolHandshake.createSession(ProtocolHandshake.java:128)
	at org.openqa.selenium.remote.ProtocolHandshake.createSession(ProtocolHandshake.java:74)
	at org.openqa.selenium.remote.HttpCommandExecutor.execute(HttpCommandExecutor.java:136)
	at org.openqa.selenium.remote.service.DriverCommandExecutor.execute(DriverCommandExecutor.java:83)
	at org.openqa.selenium.remote.RemoteWebDriver.execute(RemoteWebDriver.java:552)
	at com.kms.katalon.selenium.driver.CChromeDriver.execute(CChromeDriver.java:19)
	at org.openqa.selenium.remote.RemoteWebDriver.startSession(RemoteWebDriver.java:213)
	at org.openqa.selenium.remote.RemoteWebDriver.&amp;lt;init&amp;gt;(RemoteWebDriver.java:131)
	at org.openqa.selenium.chrome.ChromeDriver.&amp;lt;init&amp;gt;(ChromeDriver.java:181)
	at org.openqa.selenium.chrome.ChromeDriver.&amp;lt;init&amp;gt;(ChromeDriver.java:147)
	at com.kms.katalon.selenium.driver.CChromeDriver.&amp;lt;init&amp;gt;(CChromeDriver.java:13)
	at com.kms.katalon.core.webui.driver.DriverFactory.createNewChromeDriver(DriverFactory.java:449)
	at com.kms.katalon.core.webui.driver.DriverFactory.startNewBrowser(DriverFactory.java:382)
	at com.kms.katalon.core.webui.driver.DriverFactory.openWebDriver(DriverFactory.java:271)
	at com.kms.katalon.core.webui.keyword.builtin.OpenBrowserKeyword$_openBrowser_closure1.doCall(OpenBrowserKeyword.groovy:74)
	at com.kms.katalon.core.webui.keyword.builtin.OpenBrowserKeyword$_openBrowser_closure1.call(OpenBrowserKeyword.groovy)
	at com.kms.katalon.core.webui.keyword.internal.WebUIKeywordMain.runKeyword(WebUIKeywordMain.groovy:20)
	... 23 more
</message>
  <exception>
    <message>com.kms.katalon.core.exception.StepFailedException: Unable to open browser with url: ''</message>
    <frame>
      <class>com.kms.katalon.core.webui.keyword.internal.WebUIKeywordMain</class>
      <method>stepFailed</method>
      <line>64</line>
    </frame>
    <frame>
      <class>com.kms.katalon.core.webui.keyword.internal.WebUIKeywordMain</class>
      <method>runKeyword</method>
      <line>26</line>
    </frame>
    <frame>
      <class>com.kms.katalon.core.webui.keyword.builtin.OpenBrowserKeyword</class>
      <method>openBrowser</method>
      <line>81</line>
    </frame>
    <frame>
      <class>com.kms.katalon.core.webui.keyword.builtin.OpenBrowserKeyword</class>
      <method>execute</method>
      <line>67</line>
    </frame>
    <frame>
      <class>com.kms.katalon.core.keyword.internal.KeywordExecutor</class>
      <method>executeKeywordForPlatform</method>
      <line>74</line>
    </frame>
    <frame>
      <class>com.kms.katalon.core.webui.keyword.WebUiBuiltInKeywords</class>
      <method>openBrowser</method>
      <line>64</line>
    </frame>
    <frame>
      <class>add new test case</class>
      <method>run</method>
      <line>20</line>
    </frame>
    <frame>
      <class>com.kms.katalon.core.main.ScriptEngine</class>
      <method>run</method>
      <line>194</line>
    </frame>
    <frame>
      <class>com.kms.katalon.core.main.ScriptEngine</class>
      <method>runScriptAsRawText</method>
      <line>119</line>
    </frame>
    <frame>
      <class>com.kms.katalon.core.main.TestCaseExecutor</class>
      <method>runScript</method>
      <line>448</line>
    </frame>
    <frame>
      <class>com.kms.katalon.core.main.TestCaseExecutor</class>
      <method>doExecute</method>
      <line>439</line>
    </frame>
    <frame>
      <class>com.kms.katalon.core.main.TestCaseExecutor</class>
      <method>processExecutionPhase</method>
      <line>418</line>
    </frame>
    <frame>
      <class>com.kms.katalon.core.main.TestCaseExecutor</class>
      <method>accessMainPhase</method>
      <line>410</line>
    </frame>
    <frame>
      <class>com.kms.katalon.core.main.TestCaseExecutor</class>
      <method>execute</method>
      <line>285</line>
    </frame>
    <frame>
      <class>com.kms.katalon.core.main.TestCaseExecutor</class>
      <method>execute</method>
      <line>369</line>
    </frame>
    <frame>
      <class>com.kms.katalon.core.main.TestCaseExecutor</class>
      <method>execute</method>
      <line>369</line>
    </frame>
    <frame>
      <class>com.kms.katalon.core.main.TestCaseExecutor</class>
      <method>execute</method>
      <line>369</line>
    </frame>
    <frame>
      <class>com.kms.katalon.core.common.CommonExecutor</class>
      <method>accessTestCaseMainPhase</method>
      <line>65</line>
    </frame>
    <frame>
      <class>com.kms.katalon.core.main.TestSuiteExecutor</class>
      <method>accessTestSuiteMainPhase</method>
      <line>150</line>
    </frame>
    <frame>
      <class>com.kms.katalon.core.main.TestSuiteExecutor</class>
      <method>execute</method>
      <line>106</line>
    </frame>
    <frame>
      <class>com.kms.katalon.core.main.TestCaseMain</class>
      <method>startTestSuite</method>
      <line>180</line>
    </frame>
    <frame>
      <class>TempTestSuite1787051105390</class>
      <method>run</method>
      <line>35</line>
    </frame>
    <frame>
      <class>jdk.internal.reflect.NativeMethodAccessorImpl</class>
      <method>invoke0</method>
    </frame>
    <frame>
      <class>jdk.internal.reflect.NativeMethodAccessorImpl</class>
      <method>invoke</method>
      <line>77</line>
    </frame>
    <frame>
      <class>jdk.internal.reflect.DelegatingMethodAccessorImpl</class>
      <method>invoke</method>
      <line>43</line>
    </frame>
  </exception>
  <nestedLevel>0</nestedLevel>
  <escapedJava>false</escapedJava>
  <property name="failed.exception.stacktrace">org.openqa.selenium.SessionNotCreatedException: session not created: This version of ChromeDriver only supports Chrome version 126
Current browser version is 151.0.7922.139 with binary path C:\Program Files\Google\Chrome\Application\chrome.exe
Build info: version: &apos;3.141.59&apos;, revision: &apos;unknown&apos;, time: &apos;unknown&apos;
System info: host: &apos;DESKTOP-8DOPEV3&apos;, ip: &apos;192.168.18.96&apos;, os.name: &apos;Windows 10&apos;, os.arch: &apos;amd64&apos;, os.version: &apos;10.0&apos;, java.version: &apos;17.0.7&apos;
Driver info: driver.version: CChromeDriver
remote stacktrace: 	GetHandleVerifier [0x00EA0E23+27667]
	(No symbol) [0x00E36B24]
	(No symbol) [0x00D31AFF]
	(No symbol) [0x00D64B1A]
	(No symbol) [0x00D63E7D]
	(No symbol) [0x00D5EDAE]
	(No symbol) [0x00D5ABD9]
	(No symbol) [0x00D9D523]
	(No symbol) [0x00D9CD4A]
	(No symbol) [0x00D936C6]
	(No symbol) [0x00D674D1]
	(No symbol) [0x00D6804D]
	GetHandleVerifier [0x01153CA3+2857619]
	GetHandleVerifier [0x011A7E0D+3202045]
	GetHandleVerifier [0x00F24624+566292]
	GetHandleVerifier [0x00F2B81C+595468]
	(No symbol) [0x00E3F914]
	(No symbol) [0x00E3C628]
	(No symbol) [0x00E3C7C7]
	(No symbol) [0x00E2E6BE]
	BaseThreadInitThunk [0x75DEFCC9+25]
	RtlGetAppContainerNamedObjectPath [0x76ED843E+286]
	RtlGetAppContainerNamedObjectPath [0x76ED840E+238]

	at java.base/jdk.internal.reflect.NativeConstructorAccessorImpl.newInstance0(Native Method)
	at java.base/jdk.internal.reflect.NativeConstructorAccessorImpl.newInstance(NativeConstructorAccessorImpl.java:77)
	at java.base/jdk.internal.reflect.DelegatingConstructorAccessorImpl.newInstance(DelegatingConstructorAccessorImpl.java:45)
	at org.openqa.selenium.remote.W3CHandshakeResponse.lambda$errorHandler$0(W3CHandshakeResponse.java:62)
	at org.openqa.selenium.remote.HandshakeResponse.lambda$getResponseFunction$0(HandshakeResponse.java:30)
	at org.openqa.selenium.remote.ProtocolHandshake.lambda$createSession$0(ProtocolHandshake.java:126)
	at org.openqa.selenium.remote.ProtocolHandshake.createSession(ProtocolHandshake.java:128)
	at org.openqa.selenium.remote.ProtocolHandshake.createSession(ProtocolHandshake.java:74)
	at org.openqa.selenium.remote.HttpCommandExecutor.execute(HttpCommandExecutor.java:136)
	at org.openqa.selenium.remote.service.DriverCommandExecutor.execute(DriverCommandExecutor.java:83)
	at org.openqa.selenium.remote.RemoteWebDriver.execute(RemoteWebDriver.java:552)
	at com.kms.katalon.selenium.driver.CChromeDriver.execute(CChromeDriver.java:19)
	at org.openqa.selenium.remote.RemoteWebDriver.startSession(RemoteWebDriver.java:213)
	at org.openqa.selenium.remote.RemoteWebDriver.&lt;init&gt;(RemoteWebDriver.java:131)
	at org.openqa.selenium.chrome.ChromeDriver.&lt;init&gt;(ChromeDriver.java:181)
	at org.openqa.selenium.chrome.ChromeDriver.&lt;init&gt;(ChromeDriver.java:147)
	at com.kms.katalon.selenium.driver.CChromeDriver.&lt;init&gt;(CChromeDriver.java:13)
	at com.kms.katalon.core.webui.driver.DriverFactory.createNewChromeDriver(DriverFactory.java:449)
	at com.kms.katalon.core.webui.driver.DriverFactory.startNewBrowser(DriverFactory.java:382)
	at com.kms.katalon.core.webui.driver.DriverFactory.openWebDriver(DriverFactory.java:271)
	at com.kms.katalon.core.webui.keyword.builtin.OpenBrowserKeyword$_openBrowser_closure1.doCall(OpenBrowserKeyword.groovy:74)
	at com.kms.katalon.core.webui.keyword.builtin.OpenBrowserKeyword$_openBrowser_closure1.call(OpenBrowserKeyword.groovy)
	at com.kms.katalon.core.webui.keyword.internal.WebUIKeywordMain.runKeyword(WebUIKeywordMain.groovy:20)
	at com.kms.katalon.core.webui.keyword.builtin.OpenBrowserKeyword.openBrowser(OpenBrowserKeyword.groovy:81)
	at com.kms.katalon.core.webui.keyword.builtin.OpenBrowserKeyword.execute(OpenBrowserKeyword.groovy:67)
	at com.kms.katalon.core.keyword.internal.KeywordExecutor.executeKeywordForPlatform(KeywordExecutor.groovy:74)
	at com.kms.katalon.core.webui.keyword.WebUiBuiltInKeywords.openBrowser(WebUiBuiltInKeywords.groovy:64)
	at add new test case.run(add new test case:20)
	at com.kms.katalon.core.main.ScriptEngine.run(ScriptEngine.java:194)
	at com.kms.katalon.core.main.ScriptEngine.runScriptAsRawText(ScriptEngine.java:119)
	at com.kms.katalon.core.main.TestCaseExecutor.runScript(TestCaseExecutor.java:448)
	at com.kms.katalon.core.main.TestCaseExecutor.doExecute(TestCaseExecutor.java:439)
	at com.kms.katalon.core.main.TestCaseExecutor.processExecutionPhase(TestCaseExecutor.java:418)
	at com.kms.katalon.core.main.TestCaseExecutor.accessMainPhase(TestCaseExecutor.java:410)
	at com.kms.katalon.core.main.TestCaseExecutor.execute(TestCaseExecutor.java:285)
	at com.kms.katalon.core.main.TestCaseExecutor.execute(TestCaseExecutor.java:369)
	at com.kms.katalon.core.main.TestCaseExecutor.execute(TestCaseExecutor.java:369)
	at com.kms.katalon.core.main.TestCaseExecutor.execute(TestCaseExecutor.java:369)
	at com.kms.katalon.core.common.CommonExecutor.accessTestCaseMainPhase(CommonExecutor.java:65)
	at com.kms.katalon.core.main.TestSuiteExecutor.accessTestSuiteMainPhase(TestSuiteExecutor.java:150)
	at com.kms.katalon.core.main.TestSuiteExecutor.execute(TestSuiteExecutor.java:106)
	at com.kms.katalon.core.main.TestCaseMain.startTestSuite(TestCaseMain.java:180)
	at TempTestSuite1787051105390.run(TempTestSuite1787051105390.groovy:35)
	at java.base/jdk.internal.reflect.NativeMethodAccessorImpl.invoke0(Native Method)
	at java.base/jdk.internal.reflect.NativeMethodAccessorImpl.invoke(NativeMethodAccessorImpl.java:77)
	at java.base/jdk.internal.reflect.DelegatingMethodAccessorImpl.invoke(DelegatingMethodAccessorImpl.java:43)
</property>
  <property name="failed.exception.class">org.openqa.selenium.SessionNotCreatedException</property>
  <property name="failed.exception.message">session not created: This version of ChromeDriver only supports Chrome version 126
Current browser version is 151.0.7922.139 with binary path C:\Program Files\Google\Chrome\Application\chrome.exe
Build info: version: &apos;3.141.59&apos;, revision: &apos;unknown&apos;, time: &apos;unknown&apos;
System info: host: &apos;DESKTOP-8DOPEV3&apos;, ip: &apos;192.168.18.96&apos;, os.name: &apos;Windows 10&apos;, os.arch: &apos;amd64&apos;, os.version: &apos;10.0&apos;, java.version: &apos;17.0.7&apos;
Driver info: driver.version: CChromeDriver
remote stacktrace: 	GetHandleVerifier [0x00EA0E23+27667]
	(No symbol) [0x00E36B24]
	(No symbol) [0x00D31AFF]
	(No symbol) [0x00D64B1A]
	(No symbol) [0x00D63E7D]
	(No symbol) [0x00D5EDAE]
	(No symbol) [0x00D5ABD9]
	(No symbol) [0x00D9D523]
	(No symbol) [0x00D9CD4A]
	(No symbol) [0x00D936C6]
	(No symbol) [0x00D674D1]
	(No symbol) [0x00D6804D]
	GetHandleVerifier [0x01153CA3+2857619]
	GetHandleVerifier [0x011A7E0D+3202045]
	GetHandleVerifier [0x00F24624+566292]
	GetHandleVerifier [0x00F2B81C+595468]
	(No symbol) [0x00E3F914]
	(No symbol) [0x00E3C628]
	(No symbol) [0x00E3C7C7]
	(No symbol) [0x00E2E6BE]
	BaseThreadInitThunk [0x75DEFCC9+25]
	RtlGetAppContainerNamedObjectPath [0x76ED843E+286]
	RtlGetAppContainerNamedObjectPath [0x76ED840E+238]
</property>
</record>
<record>
  <date>2026-08-18T11:05:14.935101200Z</date>
  <millis>1787051114935</millis>
  <nanos>101200</nanos>
  <sequence>80</sequence>
  <level>END</level>
  <class>com.kms.katalon.core.logging.XmlKeywordLogger</class>
  <method>endTest</method>
  <thread>1</thread>
  <message>End Test Case : Test Cases/add new test case</message>
  <nestedLevel>0</nestedLevel>
  <escapedJava>false</escapedJava>
  <property name="executionBindingVariables">[]</property>
  <property name="applitools">false</property>
  <property name="remainingRetryCount">0</property>
  <property name="currentRetryCount">3</property>
  <property name="keywordsUsage">{
  &quot;web_ui&quot;: true,
  &quot;web_service&quot;: false,
  &quot;cucumber&quot;: false,
  &quot;builtin&quot;: false,
  &quot;mobile&quot;: false,
  &quot;windows&quot;: false,
  &quot;testng&quot;: false
}</property>
</record>
<record>
  <date>2026-08-18T11:05:14.936102600Z</date>
  <millis>1787051114936</millis>
  <nanos>102600</nanos>
  <sequence>81</sequence>
  <level>START</level>
  <class>com.kms.katalon.core.logging.XmlKeywordLogger</class>
  <method>startKeyword</method>
  <thread>1</thread>
  <message>Start listener action : exportKatalonReports</message>
  <nestedLevel>0</nestedLevel>
  <escapedJava>false</escapedJava>
</record>
<record>
  <date>2026-08-18T11:05:15.198104700Z</date>
  <millis>1787051115198</millis>
  <nanos>104700</nanos>
  <sequence>159</sequence>
  <level>INFO</level>
  <class>com.kms.katalon.core.logging.XmlKeywordLogger</class>
  <method>logMessage</method>
  <thread>1</thread>
  <message>Start generating HTML report folder at: C:\Users\Pc p\git\katalon_automation_testing\Reports\20260818_160505\open browser\20260818_160505...</message>
  <nestedLevel>0</nestedLevel>
  <escapedJava>false</escapedJava>
</record>
<record>
  <date>2026-08-18T11:05:15.273101800Z</date>
  <millis>1787051115273</millis>
  <nanos>101800</nanos>
  <sequence>160</sequence>
  <level>INFO</level>
  <class>com.kms.katalon.core.logging.XmlKeywordLogger</class>
  <method>logMessage</method>
  <thread>1</thread>
  <message>HTML report generated</message>
  <nestedLevel>0</nestedLevel>
  <escapedJava>false</escapedJava>
</record>
<record>
  <date>2026-08-18T11:05:15.274118500Z</date>
  <millis>1787051115274</millis>
  <nanos>118500</nanos>
  <sequence>161</sequence>
  <level>INFO</level>
  <class>com.kms.katalon.core.logging.XmlKeywordLogger</class>
  <method>logMessage</method>
  <thread>1</thread>
  <message>Start generating CSV report folder at: C:\Users\Pc p\git\katalon_automation_testing\Reports\20260818_160505\open browser\20260818_160505...</message>
  <nestedLevel>0</nestedLevel>
  <escapedJava>false</escapedJava>
</record>
<record>
  <date>2026-08-18T11:05:15.301099900Z</date>
  <millis>1787051115301</millis>
  <nanos>99900</nanos>
  <sequence>162</sequence>
  <level>INFO</level>
  <class>com.kms.katalon.core.logging.XmlKeywordLogger</class>
  <method>logMessage</method>
  <thread>1</thread>
  <message>CSV report generated</message>
  <nestedLevel>0</nestedLevel>
  <escapedJava>false</escapedJava>
</record>
<record>
  <date>2026-08-18T11:05:15.308107500Z</date>
  <millis>1787051115308</millis>
  <nanos>107500</nanos>
  <sequence>164</sequence>
  <level>END</level>
  <class>com.kms.katalon.core.logging.XmlKeywordLogger</class>
  <method>endKeyword</method>
  <thread>1</thread>
  <message>End listener action : exportKatalonReports</message>
  <nestedLevel>0</nestedLevel>
  <escapedJava>false</escapedJava>
</record>
<record>
  <date>2026-08-18T11:05:15.360102400Z</date>
  <millis>1787051115360</millis>
  <nanos>102400</nanos>
  <sequence>165</sequence>
  <level>END</level>
  <class>com.kms.katalon.core.logging.XmlKeywordLogger</class>
  <method>endSuite</method>
  <thread>1</thread>
  <message>End Test Suite : Test Suites/open browser</message>
  <nestedLevel>0</nestedLevel>
  <escapedJava>false</escapedJava>
</record>
</log>
