<?xml version="1.0" encoding="UTF-8" standalone="no"?>
<!DOCTYPE log SYSTEM "logger.dtd">
<log>
<record>
  <date>2026-08-18T11:05:27.651579800Z</date>
  <millis>1787051127651</millis>
  <nanos>579800</nanos>
  <sequence>0</sequence>
  <level>START</level>
  <class>com.kms.katalon.core.logging.XmlKeywordLogger</class>
  <method>startSuite</method>
  <thread>1</thread>
  <message>Start Test Suite : Test Suites/open browser</message>
  <nestedLevel>0</nestedLevel>
  <escapedJava>false</escapedJava>
  <property name="rerunTestFailImmediately">true</property>
  <property name="retryCount">3</property>
  <property name="name">open browser</property>
  <property name="description"></property>
  <property name="id">Test Suites/open browser</property>
</record>
<record>
  <date>2026-08-18T11:05:27.666578100Z</date>
  <millis>1787051127666</millis>
  <nanos>578100</nanos>
  <sequence>1</sequence>
  <level>RUN_DATA</level>
  <class>com.kms.katalon.core.logging.XmlKeywordLogger</class>
  <method>logMessage</method>
  <thread>1</thread>
  <message>hostName = Pc p - DESKTOP-8DOPEV3</message>
  <nestedLevel>0</nestedLevel>
  <escapedJava>false</escapedJava>
  <property name="hostName">Pc p - DESKTOP-8DOPEV3</property>
</record>
<record>
  <date>2026-08-18T11:05:27.668584400Z</date>
  <millis>1787051127668</millis>
  <nanos>584400</nanos>
  <sequence>2</sequence>
  <level>RUN_DATA</level>
  <class>com.kms.katalon.core.logging.XmlKeywordLogger</class>
  <method>logMessage</method>
  <thread>1</thread>
  <message>os = Windows 10 64bit</message>
  <nestedLevel>0</nestedLevel>
  <escapedJava>false</escapedJava>
  <property name="os">Windows 10 64bit</property>
</record>
<record>
  <date>2026-08-18T11:05:27.669581300Z</date>
  <millis>1787051127669</millis>
  <nanos>581300</nanos>
  <sequence>3</sequence>
  <level>RUN_DATA</level>
  <class>com.kms.katalon.core.logging.XmlKeywordLogger</class>
  <method>logMessage</method>
  <thread>1</thread>
  <message>hostAddress = 192.168.18.96</message>
  <nestedLevel>0</nestedLevel>
  <escapedJava>false</escapedJava>
  <property name="hostAddress">192.168.18.96</property>
</record>
<record>
  <date>2026-08-18T11:05:27.669581300Z</date>
  <millis>1787051127669</millis>
  <nanos>581300</nanos>
  <sequence>4</sequence>
  <level>RUN_DATA</level>
  <class>com.kms.katalon.core.logging.XmlKeywordLogger</class>
  <method>logMessage</method>
  <thread>1</thread>
  <message>katalonVersion = 9.6.0.217</message>
  <nestedLevel>0</nestedLevel>
  <escapedJava>false</escapedJava>
  <property name="katalonVersion">9.6.0.217</property>
</record>
<record>
  <date>2026-08-18T11:05:27.809579600Z</date>
  <millis>1787051127809</millis>
  <nanos>579600</nanos>
  <sequence>5</sequence>
  <level>START</level>
  <class>com.kms.katalon.core.logging.XmlKeywordLogger</class>
  <method>startTest</method>
  <thread>1</thread>
  <message>Start Test Case : Test Cases/add new test case</message>
  <nestedLevel>1</nestedLevel>
  <escapedJava>false</escapedJava>
  <property name="remainingRetryCount">3</property>
  <property name="name">Test Cases/add new test case</property>
  <property name="description"></property>
  <property name="iteration"></property>
  <property name="id">Test Cases/add new test case</property>
  <property name="source">C:\Users\Pc p\git\katalon_automation_testing\Test Cases\add new test case.tc</property>
  <property name="tag"></property>
  <property name="isOptional">false</property>
  <property name="currentRetryCount">0</property>
</record>
<record>
  <date>2026-08-18T11:05:28.030578800Z</date>
  <millis>1787051128030</millis>
  <nanos>578800</nanos>
  <sequence>7</sequence>
  <level>START</level>
  <class>com.kms.katalon.core.logging.XmlKeywordLogger</class>
  <method>startKeyword</method>
  <thread>1</thread>
  <message>Start action : openBrowser(&amp;quot;&amp;quot;)</message>
  <nestedLevel>1</nestedLevel>
  <escapedJava>false</escapedJava>
  <property name="startLine">20</property>
  <property name="stepIndex">1</property>
</record>
<record>
  <date>2026-08-18T11:05:28.363581Z</date>
  <millis>1787051128363</millis>
  <nanos>581000</nanos>
  <sequence>9</sequence>
  <level>INFO</level>
  <class>com.kms.katalon.core.logging.XmlKeywordLogger</class>
  <method>logMessage</method>
  <thread>1</thread>
  <message>Starting &amp;apos;Edge Chromium&amp;apos; driver</message>
  <nestedLevel>1</nestedLevel>
  <escapedJava>false</escapedJava>
</record>
<record>
  <date>2026-08-18T11:05:28.875580200Z</date>
  <millis>1787051128875</millis>
  <nanos>580200</nanos>
  <sequence>11</sequence>
  <level>INFO</level>
  <class>com.kms.katalon.core.logging.XmlKeywordLogger</class>
  <method>logMessage</method>
  <thread>1</thread>
  <message>Action delay is set to 0 milliseconds</message>
  <nestedLevel>1</nestedLevel>
  <escapedJava>false</escapedJava>
</record>
<record>
  <date>2026-08-18T11:05:30.126578400Z</date>
  <millis>1787051130126</millis>
  <nanos>578400</nanos>
  <sequence>15</sequence>
  <level>FAILED</level>
  <class>com.kms.katalon.core.logging.XmlKeywordLogger</class>
  <method>logMessage</method>
  <thread>1</thread>
  <message>Unable to open browser with url: &amp;apos;&amp;apos; (Root cause: com.kms.katalon.core.exception.StepFailedException: Unable to open browser with url: &amp;apos;&amp;apos;
	at com.kms.katalon.core.webui.keyword.internal.WebUIKeywordMain.stepFailed(WebUIKeywordMain.groovy:64)
	at com.kms.katalon.core.webui.keyword.internal.WebUIKeywordMain.runKeyword(WebUIKeywordMain.groovy:26)
	at com.kms.katalon.core.webui.keyword.builtin.OpenBrowserKeyword.openBrowser(OpenBrowserKeyword.groovy:81)
	at com.kms.katalon.core.webui.keyword.builtin.OpenBrowserKeyword.execute(OpenBrowserKeyword.groovy:67)
	at com.kms.katalon.core.keyword.internal.KeywordExecutor.executeKeywordForPlatform(KeywordExecutor.groovy:74)
	at com.kms.katalon.core.webui.keyword.WebUiBuiltInKeywords.openBrowser(WebUiBuiltInKeywords.groovy:64)
	at add new test case.run(add new test case:20)
	at com.kms.katalon.core.main.ScriptEngine.run(ScriptEngine.java:194)
	at com.kms.katalon.core.main.ScriptEngine.runScriptAsRawText(ScriptEngine.java:119)
	at com.kms.katalon.core.main.TestCaseExecutor.runScript(TestCaseExecutor.java:448)
	at com.kms.katalon.core.main.TestCaseExecutor.doExecute(TestCaseExecutor.java:439)
	at com.kms.katalon.core.main.TestCaseExecutor.processExecutionPhase(TestCaseExecutor.java:418)
	at com.kms.katalon.core.main.TestCaseExecutor.accessMainPhase(TestCaseExecutor.java:410)
	at com.kms.katalon.core.main.TestCaseExecutor.execute(TestCaseExecutor.java:285)
	at com.kms.katalon.core.common.CommonExecutor.accessTestCaseMainPhase(CommonExecutor.java:65)
	at com.kms.katalon.core.main.TestSuiteExecutor.accessTestSuiteMainPhase(TestSuiteExecutor.java:150)
	at com.kms.katalon.core.main.TestSuiteExecutor.execute(TestSuiteExecutor.java:106)
	at com.kms.katalon.core.main.TestCaseMain.startTestSuite(TestCaseMain.java:180)
	at TempTestSuite1787051123983.run(TempTestSuite1787051123983.groovy:35)
	at java.base/jdk.internal.reflect.NativeMethodAccessorImpl.invoke0(Native Method)
	at java.base/jdk.internal.reflect.NativeMethodAccessorImpl.invoke(NativeMethodAccessorImpl.java:77)
	at java.base/jdk.internal.reflect.DelegatingMethodAccessorImpl.invoke(DelegatingMethodAccessorImpl.java:43)
Caused by: org.openqa.selenium.SessionNotCreatedException: session not created: This version of Microsoft Edge WebDriver only supports Microsoft Edge version 125
Current browser version is 151.0.4129.86 with binary path C:\Program Files (x86)\Microsoft\Edge\Application\msedge.exe
Build info: version: &amp;apos;3.141.59&amp;apos;, revision: &amp;apos;unknown&amp;apos;, time: &amp;apos;unknown&amp;apos;
System info: host: &amp;apos;DESKTOP-8DOPEV3&amp;apos;, ip: &amp;apos;192.168.18.96&amp;apos;, os.name: &amp;apos;Windows 10&amp;apos;, os.arch: &amp;apos;amd64&amp;apos;, os.version: &amp;apos;10.0&amp;apos;, java.version: &amp;apos;17.0.7&amp;apos;
Driver info: driver.version: CEdgeDriver
remote stacktrace: 	GetHandleVerifier [0x00007FF7021D5FF2+61250]
	Microsoft::Applications::Events::ILogConfiguration::operator* [0x00007FF702160649+207017]
	(No symbol) [0x00007FF701F6E3C7]
	(No symbol) [0x00007FF701FA676F]
	(No symbol) [0x00007FF701FA5C28]
	(No symbol) [0x00007FF701FA02B0]
	(No symbol) [0x00007FF701F9CD37]
	(No symbol) [0x00007FF701FDE92C]
	(No symbol) [0x00007FF701FD44B3]
	(No symbol) [0x00007FF701FA9F1E]
	(No symbol) [0x00007FF701FA90DC]
	(No symbol) [0x00007FF701FA9AD1]
	Microsoft::Applications::Events::EventProperty::to_string [0x00007FF70238E184+1072532]
	(No symbol) [0x00007FF702022CEC]
	Microsoft::Applications::Events::EventProperty::~EventProperty [0x00007FF7020CEEAC+51468]
	Microsoft::Applications::Events::EventProperty::~EventProperty [0x00007FF7020C3765+4549]
	Microsoft::Applications::Events::EventProperty::to_string [0x00007FF70238D145+1068373]
	Microsoft::Applications::Events::ILogConfiguration::operator* [0x00007FF70216A051+246449]
	Microsoft::Applications::Events::ILogConfiguration::operator* [0x00007FF7021653B4+226836]
	Microsoft::Applications::Events::ILogConfiguration::operator* [0x00007FF7021654EB+227147]
	Microsoft::Applications::Events::ILogConfiguration::operator* [0x00007FF70215BCE0+188224]
	BaseThreadInitThunk [0x00007FFF6D637374+20]
	RtlUserThreadStart [0x00007FFF6DC7CC91+33]

	at java.base/jdk.internal.reflect.NativeConstructorAccessorImpl.newInstance0(Native Method)
	at java.base/jdk.internal.reflect.NativeConstructorAccessorImpl.newInstance(NativeConstructorAccessorImpl.java:77)
	at java.base/jdk.internal.reflect.DelegatingConstructorAccessorImpl.newInstance(DelegatingConstructorAccessorImpl.java:45)
	at org.openqa.selenium.remote.W3CHandshakeResponse.lambda$errorHandler$0(W3CHandshakeResponse.java:62)
	at org.openqa.selenium.remote.HandshakeResponse.lambda$getResponseFunction$0(HandshakeResponse.java:30)
	at org.openqa.selenium.remote.ProtocolHandshake.lambda$createSession$0(ProtocolHandshake.java:126)
	at org.openqa.selenium.remote.ProtocolHandshake.createSession(ProtocolHandshake.java:128)
	at org.openqa.selenium.remote.ProtocolHandshake.createSession(ProtocolHandshake.java:74)
	at org.openqa.selenium.remote.HttpCommandExecutor.execute(HttpCommandExecutor.java:136)
	at org.openqa.selenium.remote.service.DriverCommandExecutor.execute(DriverCommandExecutor.java:83)
	at org.openqa.selenium.remote.RemoteWebDriver.execute(RemoteWebDriver.java:552)
	at com.kms.katalon.selenium.driver.CEdgeDriver.execute(CEdgeDriver.java:20)
	at org.openqa.selenium.remote.RemoteWebDriver.startSession(RemoteWebDriver.java:213)
	at org.openqa.selenium.remote.RemoteWebDriver.&amp;lt;init&amp;gt;(RemoteWebDriver.java:131)
	at org.openqa.selenium.edge.EdgeDriver.&amp;lt;init&amp;gt;(EdgeDriver.java:154)
	at com.kms.katalon.selenium.driver.CEdgeDriver.&amp;lt;init&amp;gt;(CEdgeDriver.java:14)
	at com.kms.katalon.core.webui.driver.DriverFactory.createNewEdgeChromiumDriver(DriverFactory.java:692)
	at com.kms.katalon.core.webui.driver.DriverFactory.startNewBrowser(DriverFactory.java:397)
	at com.kms.katalon.core.webui.driver.DriverFactory.openWebDriver(DriverFactory.java:271)
	at com.kms.katalon.core.webui.keyword.builtin.OpenBrowserKeyword$_openBrowser_closure1.doCall(OpenBrowserKeyword.groovy:74)
	at com.kms.katalon.core.webui.keyword.builtin.OpenBrowserKeyword$_openBrowser_closure1.call(OpenBrowserKeyword.groovy)
	at com.kms.katalon.core.webui.keyword.internal.WebUIKeywordMain.runKeyword(WebUIKeywordMain.groovy:20)
	at com.kms.katalon.core.webui.keyword.builtin.OpenBrowserKeyword.openBrowser(OpenBrowserKeyword.groovy:81)
	at com.kms.katalon.core.webui.keyword.builtin.OpenBrowserKeyword.execute(OpenBrowserKeyword.groovy:67)
	at com.kms.katalon.core.keyword.internal.KeywordExecutor.executeKeywordForPlatform(KeywordExecutor.groovy:74)
	at com.kms.katalon.core.webui.keyword.WebUiBuiltInKeywords.openBrowser(WebUiBuiltInKeywords.groovy:64)
	at Script1786471458684.run(Script1786471458684.groovy:20)
	... 15 more
)</message>
  <nestedLevel>1</nestedLevel>
  <escapedJava>false</escapedJava>
  <property name="failed.exception.class">org.openqa.selenium.SessionNotCreatedException</property>
  <property name="failed.exception.stacktrace">org.openqa.selenium.SessionNotCreatedException: session not created: This version of Microsoft Edge WebDriver only supports Microsoft Edge version 125
Current browser version is 151.0.4129.86 with binary path C:\Program Files (x86)\Microsoft\Edge\Application\msedge.exe
Build info: version: &apos;3.141.59&apos;, revision: &apos;unknown&apos;, time: &apos;unknown&apos;
System info: host: &apos;DESKTOP-8DOPEV3&apos;, ip: &apos;192.168.18.96&apos;, os.name: &apos;Windows 10&apos;, os.arch: &apos;amd64&apos;, os.version: &apos;10.0&apos;, java.version: &apos;17.0.7&apos;
Driver info: driver.version: CEdgeDriver
remote stacktrace: 	GetHandleVerifier [0x00007FF7021D5FF2+61250]
	Microsoft::Applications::Events::ILogConfiguration::operator* [0x00007FF702160649+207017]
	(No symbol) [0x00007FF701F6E3C7]
	(No symbol) [0x00007FF701FA676F]
	(No symbol) [0x00007FF701FA5C28]
	(No symbol) [0x00007FF701FA02B0]
	(No symbol) [0x00007FF701F9CD37]
	(No symbol) [0x00007FF701FDE92C]
	(No symbol) [0x00007FF701FD44B3]
	(No symbol) [0x00007FF701FA9F1E]
	(No symbol) [0x00007FF701FA90DC]
	(No symbol) [0x00007FF701FA9AD1]
	Microsoft::Applications::Events::EventProperty::to_string [0x00007FF70238E184+1072532]
	(No symbol) [0x00007FF702022CEC]
	Microsoft::Applications::Events::EventProperty::~EventProperty [0x00007FF7020CEEAC+51468]
	Microsoft::Applications::Events::EventProperty::~EventProperty [0x00007FF7020C3765+4549]
	Microsoft::Applications::Events::EventProperty::to_string [0x00007FF70238D145+1068373]
	Microsoft::Applications::Events::ILogConfiguration::operator* [0x00007FF70216A051+246449]
	Microsoft::Applications::Events::ILogConfiguration::operator* [0x00007FF7021653B4+226836]
	Microsoft::Applications::Events::ILogConfiguration::operator* [0x00007FF7021654EB+227147]
	Microsoft::Applications::Events::ILogConfiguration::operator* [0x00007FF70215BCE0+188224]
	BaseThreadInitThunk [0x00007FFF6D637374+20]
	RtlUserThreadStart [0x00007FFF6DC7CC91+33]

	at java.base/jdk.internal.reflect.NativeConstructorAccessorImpl.newInstance0(Native Method)
	at java.base/jdk.internal.reflect.NativeConstructorAccessorImpl.newInstance(NativeConstructorAccessorImpl.java:77)
	at java.base/jdk.internal.reflect.DelegatingConstructorAccessorImpl.newInstance(DelegatingConstructorAccessorImpl.java:45)
	at org.openqa.selenium.remote.W3CHandshakeResponse.lambda$errorHandler$0(W3CHandshakeResponse.java:62)
	at org.openqa.selenium.remote.HandshakeResponse.lambda$getResponseFunction$0(HandshakeResponse.java:30)
	at org.openqa.selenium.remote.ProtocolHandshake.lambda$createSession$0(ProtocolHandshake.java:126)
	at org.openqa.selenium.remote.ProtocolHandshake.createSession(ProtocolHandshake.java:128)
	at org.openqa.selenium.remote.ProtocolHandshake.createSession(ProtocolHandshake.java:74)
	at org.openqa.selenium.remote.HttpCommandExecutor.execute(HttpCommandExecutor.java:136)
	at org.openqa.selenium.remote.service.DriverCommandExecutor.execute(DriverCommandExecutor.java:83)
	at org.openqa.selenium.remote.RemoteWebDriver.execute(RemoteWebDriver.java:552)
	at com.kms.katalon.selenium.driver.CEdgeDriver.execute(CEdgeDriver.java:20)
	at org.openqa.selenium.remote.RemoteWebDriver.startSession(RemoteWebDriver.java:213)
	at org.openqa.selenium.remote.RemoteWebDriver.&lt;init&gt;(RemoteWebDriver.java:131)
	at org.openqa.selenium.edge.EdgeDriver.&lt;init&gt;(EdgeDriver.java:154)
	at com.kms.katalon.selenium.driver.CEdgeDriver.&lt;init&gt;(CEdgeDriver.java:14)
	at com.kms.katalon.core.webui.driver.DriverFactory.createNewEdgeChromiumDriver(DriverFactory.java:692)
	at com.kms.katalon.core.webui.driver.DriverFactory.startNewBrowser(DriverFactory.java:397)
	at com.kms.katalon.core.webui.driver.DriverFactory.openWebDriver(DriverFactory.java:271)
	at com.kms.katalon.core.webui.keyword.builtin.OpenBrowserKeyword$_openBrowser_closure1.doCall(OpenBrowserKeyword.groovy:74)
	at com.kms.katalon.core.webui.keyword.builtin.OpenBrowserKeyword$_openBrowser_closure1.call(OpenBrowserKeyword.groovy)
	at com.kms.katalon.core.webui.keyword.internal.WebUIKeywordMain.runKeyword(WebUIKeywordMain.groovy:20)
	at com.kms.katalon.core.webui.keyword.builtin.OpenBrowserKeyword.openBrowser(OpenBrowserKeyword.groovy:81)
	at com.kms.katalon.core.webui.keyword.builtin.OpenBrowserKeyword.execute(OpenBrowserKeyword.groovy:67)
	at com.kms.katalon.core.keyword.internal.KeywordExecutor.executeKeywordForPlatform(KeywordExecutor.groovy:74)
	at com.kms.katalon.core.webui.keyword.WebUiBuiltInKeywords.openBrowser(WebUiBuiltInKeywords.groovy:64)
	at add new test case.run(add new test case:20)
	at com.kms.katalon.core.main.ScriptEngine.run(ScriptEngine.java:194)
	at com.kms.katalon.core.main.ScriptEngine.runScriptAsRawText(ScriptEngine.java:119)
	at com.kms.katalon.core.main.TestCaseExecutor.runScript(TestCaseExecutor.java:448)
	at com.kms.katalon.core.main.TestCaseExecutor.doExecute(TestCaseExecutor.java:439)
	at com.kms.katalon.core.main.TestCaseExecutor.processExecutionPhase(TestCaseExecutor.java:418)
	at com.kms.katalon.core.main.TestCaseExecutor.accessMainPhase(TestCaseExecutor.java:410)
	at com.kms.katalon.core.main.TestCaseExecutor.execute(TestCaseExecutor.java:285)
	at com.kms.katalon.core.common.CommonExecutor.accessTestCaseMainPhase(CommonExecutor.java:65)
	at com.kms.katalon.core.main.TestSuiteExecutor.accessTestSuiteMainPhase(TestSuiteExecutor.java:150)
	at com.kms.katalon.core.main.TestSuiteExecutor.execute(TestSuiteExecutor.java:106)
	at com.kms.katalon.core.main.TestCaseMain.startTestSuite(TestCaseMain.java:180)
	at TempTestSuite1787051123983.run(TempTestSuite1787051123983.groovy:35)
	at java.base/jdk.internal.reflect.NativeMethodAccessorImpl.invoke0(Native Method)
	at java.base/jdk.internal.reflect.NativeMethodAccessorImpl.invoke(NativeMethodAccessorImpl.java:77)
	at java.base/jdk.internal.reflect.DelegatingMethodAccessorImpl.invoke(DelegatingMethodAccessorImpl.java:43)
</property>
  <property name="failed.exception.message">session not created: This version of Microsoft Edge WebDriver only supports Microsoft Edge version 125
Current browser version is 151.0.4129.86 with binary path C:\Program Files (x86)\Microsoft\Edge\Application\msedge.exe
Build info: version: &apos;3.141.59&apos;, revision: &apos;unknown&apos;, time: &apos;unknown&apos;
System info: host: &apos;DESKTOP-8DOPEV3&apos;, ip: &apos;192.168.18.96&apos;, os.name: &apos;Windows 10&apos;, os.arch: &apos;amd64&apos;, os.version: &apos;10.0&apos;, java.version: &apos;17.0.7&apos;
Driver info: driver.version: CEdgeDriver
remote stacktrace: 	GetHandleVerifier [0x00007FF7021D5FF2+61250]
	Microsoft::Applications::Events::ILogConfiguration::operator* [0x00007FF702160649+207017]
	(No symbol) [0x00007FF701F6E3C7]
	(No symbol) [0x00007FF701FA676F]
	(No symbol) [0x00007FF701FA5C28]
	(No symbol) [0x00007FF701FA02B0]
	(No symbol) [0x00007FF701F9CD37]
	(No symbol) [0x00007FF701FDE92C]
	(No symbol) [0x00007FF701FD44B3]
	(No symbol) [0x00007FF701FA9F1E]
	(No symbol) [0x00007FF701FA90DC]
	(No symbol) [0x00007FF701FA9AD1]
	Microsoft::Applications::Events::EventProperty::to_string [0x00007FF70238E184+1072532]
	(No symbol) [0x00007FF702022CEC]
	Microsoft::Applications::Events::EventProperty::~EventProperty [0x00007FF7020CEEAC+51468]
	Microsoft::Applications::Events::EventProperty::~EventProperty [0x00007FF7020C3765+4549]
	Microsoft::Applications::Events::EventProperty::to_string [0x00007FF70238D145+1068373]
	Microsoft::Applications::Events::ILogConfiguration::operator* [0x00007FF70216A051+246449]
	Microsoft::Applications::Events::ILogConfiguration::operator* [0x00007FF7021653B4+226836]
	Microsoft::Applications::Events::ILogConfiguration::operator* [0x00007FF7021654EB+227147]
	Microsoft::Applications::Events::ILogConfiguration::operator* [0x00007FF70215BCE0+188224]
	BaseThreadInitThunk [0x00007FFF6D637374+20]
	RtlUserThreadStart [0x00007FFF6DC7CC91+33]
</property>
</record>
<record>
  <date>2026-08-18T11:05:30.138579900Z</date>
  <millis>1787051130138</millis>
  <nanos>579900</nanos>
  <sequence>18</sequence>
  <level>END</level>
  <class>com.kms.katalon.core.logging.XmlKeywordLogger</class>
  <method>endKeyword</method>
  <thread>1</thread>
  <message>End action : openBrowser(&amp;quot;&amp;quot;)</message>
  <nestedLevel>1</nestedLevel>
  <escapedJava>false</escapedJava>
</record>
<record>
  <date>2026-08-18T11:05:30.142579Z</date>
  <millis>1787051130142</millis>
  <nanos>579000</nanos>
  <sequence>21</sequence>
  <level>FAILED</level>
  <class>com.kms.katalon.core.logging.XmlKeywordLogger</class>
  <method>logMessage</method>
  <thread>1</thread>
  <message>Test Cases/add new test case FAILED.
Reason:
com.kms.katalon.core.exception.StepFailedException: Unable to open browser with url: &amp;apos;&amp;apos;
	at com.kms.katalon.core.webui.keyword.internal.WebUIKeywordMain.stepFailed(WebUIKeywordMain.groovy:64)
	at com.kms.katalon.core.webui.keyword.internal.WebUIKeywordMain.runKeyword(WebUIKeywordMain.groovy:26)
	at com.kms.katalon.core.webui.keyword.builtin.OpenBrowserKeyword.openBrowser(OpenBrowserKeyword.groovy:81)
	at com.kms.katalon.core.webui.keyword.builtin.OpenBrowserKeyword.execute(OpenBrowserKeyword.groovy:67)
	at com.kms.katalon.core.keyword.internal.KeywordExecutor.executeKeywordForPlatform(KeywordExecutor.groovy:74)
	at com.kms.katalon.core.webui.keyword.WebUiBuiltInKeywords.openBrowser(WebUiBuiltInKeywords.groovy:64)
	at add new test case.run(add new test case:20)
	at com.kms.katalon.core.main.ScriptEngine.run(ScriptEngine.java:194)
	at com.kms.katalon.core.main.ScriptEngine.runScriptAsRawText(ScriptEngine.java:119)
	at com.kms.katalon.core.main.TestCaseExecutor.runScript(TestCaseExecutor.java:448)
	at com.kms.katalon.core.main.TestCaseExecutor.doExecute(TestCaseExecutor.java:439)
	at com.kms.katalon.core.main.TestCaseExecutor.processExecutionPhase(TestCaseExecutor.java:418)
	at com.kms.katalon.core.main.TestCaseExecutor.accessMainPhase(TestCaseExecutor.java:410)
	at com.kms.katalon.core.main.TestCaseExecutor.execute(TestCaseExecutor.java:285)
	at com.kms.katalon.core.common.CommonExecutor.accessTestCaseMainPhase(CommonExecutor.java:65)
	at com.kms.katalon.core.main.TestSuiteExecutor.accessTestSuiteMainPhase(TestSuiteExecutor.java:150)
	at com.kms.katalon.core.main.TestSuiteExecutor.execute(TestSuiteExecutor.java:106)
	at com.kms.katalon.core.main.TestCaseMain.startTestSuite(TestCaseMain.java:180)
	at TempTestSuite1787051123983.run(TempTestSuite1787051123983.groovy:35)
	at java.base/jdk.internal.reflect.NativeMethodAccessorImpl.invoke0(Native Method)
	at java.base/jdk.internal.reflect.NativeMethodAccessorImpl.invoke(NativeMethodAccessorImpl.java:77)
	at java.base/jdk.internal.reflect.DelegatingMethodAccessorImpl.invoke(DelegatingMethodAccessorImpl.java:43)
Caused by: org.openqa.selenium.SessionNotCreatedException: session not created: This version of Microsoft Edge WebDriver only supports Microsoft Edge version 125
Current browser version is 151.0.4129.86 with binary path C:\Program Files (x86)\Microsoft\Edge\Application\msedge.exe
Build info: version: &amp;apos;3.141.59&amp;apos;, revision: &amp;apos;unknown&amp;apos;, time: &amp;apos;unknown&amp;apos;
System info: host: &amp;apos;DESKTOP-8DOPEV3&amp;apos;, ip: &amp;apos;192.168.18.96&amp;apos;, os.name: &amp;apos;Windows 10&amp;apos;, os.arch: &amp;apos;amd64&amp;apos;, os.version: &amp;apos;10.0&amp;apos;, java.version: &amp;apos;17.0.7&amp;apos;
Driver info: driver.version: CEdgeDriver
remote stacktrace: 	GetHandleVerifier [0x00007FF7021D5FF2+61250]
	Microsoft::Applications::Events::ILogConfiguration::operator* [0x00007FF702160649+207017]
	(No symbol) [0x00007FF701F6E3C7]
	(No symbol) [0x00007FF701FA676F]
	(No symbol) [0x00007FF701FA5C28]
	(No symbol) [0x00007FF701FA02B0]
	(No symbol) [0x00007FF701F9CD37]
	(No symbol) [0x00007FF701FDE92C]
	(No symbol) [0x00007FF701FD44B3]
	(No symbol) [0x00007FF701FA9F1E]
	(No symbol) [0x00007FF701FA90DC]
	(No symbol) [0x00007FF701FA9AD1]
	Microsoft::Applications::Events::EventProperty::to_string [0x00007FF70238E184+1072532]
	(No symbol) [0x00007FF702022CEC]
	Microsoft::Applications::Events::EventProperty::~EventProperty [0x00007FF7020CEEAC+51468]
	Microsoft::Applications::Events::EventProperty::~EventProperty [0x00007FF7020C3765+4549]
	Microsoft::Applications::Events::EventProperty::to_string [0x00007FF70238D145+1068373]
	Microsoft::Applications::Events::ILogConfiguration::operator* [0x00007FF70216A051+246449]
	Microsoft::Applications::Events::ILogConfiguration::operator* [0x00007FF7021653B4+226836]
	Microsoft::Applications::Events::ILogConfiguration::operator* [0x00007FF7021654EB+227147]
	Microsoft::Applications::Events::ILogConfiguration::operator* [0x00007FF70215BCE0+188224]
	BaseThreadInitThunk [0x00007FFF6D637374+20]
	RtlUserThreadStart [0x00007FFF6DC7CC91+33]

	at java.base/jdk.internal.reflect.NativeConstructorAccessorImpl.newInstance0(Native Method)
	at java.base/jdk.internal.reflect.NativeConstructorAccessorImpl.newInstance(NativeConstructorAccessorImpl.java:77)
	at java.base/jdk.internal.reflect.DelegatingConstructorAccessorImpl.newInstance(DelegatingConstructorAccessorImpl.java:45)
	at org.openqa.selenium.remote.W3CHandshakeResponse.lambda$errorHandler$0(W3CHandshakeResponse.java:62)
	at org.openqa.selenium.remote.HandshakeResponse.lambda$getResponseFunction$0(HandshakeResponse.java:30)
	at org.openqa.selenium.remote.ProtocolHandshake.lambda$createSession$0(ProtocolHandshake.java:126)
	at org.openqa.selenium.remote.ProtocolHandshake.createSession(ProtocolHandshake.java:128)
	at org.openqa.selenium.remote.ProtocolHandshake.createSession(ProtocolHandshake.java:74)
	at org.openqa.selenium.remote.HttpCommandExecutor.execute(HttpCommandExecutor.java:136)
	at org.openqa.selenium.remote.service.DriverCommandExecutor.execute(DriverCommandExecutor.java:83)
	at org.openqa.selenium.remote.RemoteWebDriver.execute(RemoteWebDriver.java:552)
	at com.kms.katalon.selenium.driver.CEdgeDriver.execute(CEdgeDriver.java:20)
	at org.openqa.selenium.remote.RemoteWebDriver.startSession(RemoteWebDriver.java:213)
	at org.openqa.selenium.remote.RemoteWebDriver.&amp;lt;init&amp;gt;(RemoteWebDriver.java:131)
	at org.openqa.selenium.edge.EdgeDriver.&amp;lt;init&amp;gt;(EdgeDriver.java:154)
	at com.kms.katalon.selenium.driver.CEdgeDriver.&amp;lt;init&amp;gt;(CEdgeDriver.java:14)
	at com.kms.katalon.core.webui.driver.DriverFactory.createNewEdgeChromiumDriver(DriverFactory.java:692)
	at com.kms.katalon.core.webui.driver.DriverFactory.startNewBrowser(DriverFactory.java:397)
	at com.kms.katalon.core.webui.driver.DriverFactory.openWebDriver(DriverFactory.java:271)
	at com.kms.katalon.core.webui.keyword.builtin.OpenBrowserKeyword$_openBrowser_closure1.doCall(OpenBrowserKeyword.groovy:74)
	at com.kms.katalon.core.webui.keyword.builtin.OpenBrowserKeyword$_openBrowser_closure1.call(OpenBrowserKeyword.groovy)
	at com.kms.katalon.core.webui.keyword.internal.WebUIKeywordMain.runKeyword(WebUIKeywordMain.groovy:20)
	... 20 more
</message>
  <exception>
    <message>com.kms.katalon.core.exception.StepFailedException: Unable to open browser with url: ''</message>
    <frame>
      <class>com.kms.katalon.core.webui.keyword.internal.WebUIKeywordMain</class>
      <method>stepFailed</method>
      <line>64</line>
    </frame>
    <frame>
      <class>com.kms.katalon.core.webui.keyword.internal.WebUIKeywordMain</class>
      <method>runKeyword</method>
      <line>26</line>
    </frame>
    <frame>
      <class>com.kms.katalon.core.webui.keyword.builtin.OpenBrowserKeyword</class>
      <method>openBrowser</method>
      <line>81</line>
    </frame>
    <frame>
      <class>com.kms.katalon.core.webui.keyword.builtin.OpenBrowserKeyword</class>
      <method>execute</method>
      <line>67</line>
    </frame>
    <frame>
      <class>com.kms.katalon.core.keyword.internal.KeywordExecutor</class>
      <method>executeKeywordForPlatform</method>
      <line>74</line>
    </frame>
    <frame>
      <class>com.kms.katalon.core.webui.keyword.WebUiBuiltInKeywords</class>
      <method>openBrowser</method>
      <line>64</line>
    </frame>
    <frame>
      <class>add new test case</class>
      <method>run</method>
      <line>20</line>
    </frame>
    <frame>
      <class>com.kms.katalon.core.main.ScriptEngine</class>
      <method>run</method>
      <line>194</line>
    </frame>
    <frame>
      <class>com.kms.katalon.core.main.ScriptEngine</class>
      <method>runScriptAsRawText</method>
      <line>119</line>
    </frame>
    <frame>
      <class>com.kms.katalon.core.main.TestCaseExecutor</class>
      <method>runScript</method>
      <line>448</line>
    </frame>
    <frame>
      <class>com.kms.katalon.core.main.TestCaseExecutor</class>
      <method>doExecute</method>
      <line>439</line>
    </frame>
    <frame>
      <class>com.kms.katalon.core.main.TestCaseExecutor</class>
      <method>processExecutionPhase</method>
      <line>418</line>
    </frame>
    <frame>
      <class>com.kms.katalon.core.main.TestCaseExecutor</class>
      <method>accessMainPhase</method>
      <line>410</line>
    </frame>
    <frame>
      <class>com.kms.katalon.core.main.TestCaseExecutor</class>
      <method>execute</method>
      <line>285</line>
    </frame>
    <frame>
      <class>com.kms.katalon.core.common.CommonExecutor</class>
      <method>accessTestCaseMainPhase</method>
      <line>65</line>
    </frame>
    <frame>
      <class>com.kms.katalon.core.main.TestSuiteExecutor</class>
      <method>accessTestSuiteMainPhase</method>
      <line>150</line>
    </frame>
    <frame>
      <class>com.kms.katalon.core.main.TestSuiteExecutor</class>
      <method>execute</method>
      <line>106</line>
    </frame>
    <frame>
      <class>com.kms.katalon.core.main.TestCaseMain</class>
      <method>startTestSuite</method>
      <line>180</line>
    </frame>
    <frame>
      <class>TempTestSuite1787051123983</class>
      <method>run</method>
      <line>35</line>
    </frame>
    <frame>
      <class>jdk.internal.reflect.NativeMethodAccessorImpl</class>
      <method>invoke0</method>
    </frame>
    <frame>
      <class>jdk.internal.reflect.NativeMethodAccessorImpl</class>
      <method>invoke</method>
      <line>77</line>
    </frame>
    <frame>
      <class>jdk.internal.reflect.DelegatingMethodAccessorImpl</class>
      <method>invoke</method>
      <line>43</line>
    </frame>
  </exception>
  <nestedLevel>0</nestedLevel>
  <escapedJava>false</escapedJava>
  <property name="failed.exception.stacktrace">org.openqa.selenium.SessionNotCreatedException: session not created: This version of Microsoft Edge WebDriver only supports Microsoft Edge version 125
Current browser version is 151.0.4129.86 with binary path C:\Program Files (x86)\Microsoft\Edge\Application\msedge.exe
Build info: version: &apos;3.141.59&apos;, revision: &apos;unknown&apos;, time: &apos;unknown&apos;
System info: host: &apos;DESKTOP-8DOPEV3&apos;, ip: &apos;192.168.18.96&apos;, os.name: &apos;Windows 10&apos;, os.arch: &apos;amd64&apos;, os.version: &apos;10.0&apos;, java.version: &apos;17.0.7&apos;
Driver info: driver.version: CEdgeDriver
remote stacktrace: 	GetHandleVerifier [0x00007FF7021D5FF2+61250]
	Microsoft::Applications::Events::ILogConfiguration::operator* [0x00007FF702160649+207017]
	(No symbol) [0x00007FF701F6E3C7]
	(No symbol) [0x00007FF701FA676F]
	(No symbol) [0x00007FF701FA5C28]
	(No symbol) [0x00007FF701FA02B0]
	(No symbol) [0x00007FF701F9CD37]
	(No symbol) [0x00007FF701FDE92C]
	(No symbol) [0x00007FF701FD44B3]
	(No symbol) [0x00007FF701FA9F1E]
	(No symbol) [0x00007FF701FA90DC]
	(No symbol) [0x00007FF701FA9AD1]
	Microsoft::Applications::Events::EventProperty::to_string [0x00007FF70238E184+1072532]
	(No symbol) [0x00007FF702022CEC]
	Microsoft::Applications::Events::EventProperty::~EventProperty [0x00007FF7020CEEAC+51468]
	Microsoft::Applications::Events::EventProperty::~EventProperty [0x00007FF7020C3765+4549]
	Microsoft::Applications::Events::EventProperty::to_string [0x00007FF70238D145+1068373]
	Microsoft::Applications::Events::ILogConfiguration::operator* [0x00007FF70216A051+246449]
	Microsoft::Applications::Events::ILogConfiguration::operator* [0x00007FF7021653B4+226836]
	Microsoft::Applications::Events::ILogConfiguration::operator* [0x00007FF7021654EB+227147]
	Microsoft::Applications::Events::ILogConfiguration::operator* [0x00007FF70215BCE0+188224]
	BaseThreadInitThunk [0x00007FFF6D637374+20]
	RtlUserThreadStart [0x00007FFF6DC7CC91+33]

	at java.base/jdk.internal.reflect.NativeConstructorAccessorImpl.newInstance0(Native Method)
	at java.base/jdk.internal.reflect.NativeConstructorAccessorImpl.newInstance(NativeConstructorAccessorImpl.java:77)
	at java.base/jdk.internal.reflect.DelegatingConstructorAccessorImpl.newInstance(DelegatingConstructorAccessorImpl.java:45)
	at org.openqa.selenium.remote.W3CHandshakeResponse.lambda$errorHandler$0(W3CHandshakeResponse.java:62)
	at org.openqa.selenium.remote.HandshakeResponse.lambda$getResponseFunction$0(HandshakeResponse.java:30)
	at org.openqa.selenium.remote.ProtocolHandshake.lambda$createSession$0(ProtocolHandshake.java:126)
	at org.openqa.selenium.remote.ProtocolHandshake.createSession(ProtocolHandshake.java:128)
	at org.openqa.selenium.remote.ProtocolHandshake.createSession(ProtocolHandshake.java:74)
	at org.openqa.selenium.remote.HttpCommandExecutor.execute(HttpCommandExecutor.java:136)
	at org.openqa.selenium.remote.service.DriverCommandExecutor.execute(DriverCommandExecutor.java:83)
	at org.openqa.selenium.remote.RemoteWebDriver.execute(RemoteWebDriver.java:552)
	at com.kms.katalon.selenium.driver.CEdgeDriver.execute(CEdgeDriver.java:20)
	at org.openqa.selenium.remote.RemoteWebDriver.startSession(RemoteWebDriver.java:213)
	at org.openqa.selenium.remote.RemoteWebDriver.&lt;init&gt;(RemoteWebDriver.java:131)
	at org.openqa.selenium.edge.EdgeDriver.&lt;init&gt;(EdgeDriver.java:154)
	at com.kms.katalon.selenium.driver.CEdgeDriver.&lt;init&gt;(CEdgeDriver.java:14)
	at com.kms.katalon.core.webui.driver.DriverFactory.createNewEdgeChromiumDriver(DriverFactory.java:692)
	at com.kms.katalon.core.webui.driver.DriverFactory.startNewBrowser(DriverFactory.java:397)
	at com.kms.katalon.core.webui.driver.DriverFactory.openWebDriver(DriverFactory.java:271)
	at com.kms.katalon.core.webui.keyword.builtin.OpenBrowserKeyword$_openBrowser_closure1.doCall(OpenBrowserKeyword.groovy:74)
	at com.kms.katalon.core.webui.keyword.builtin.OpenBrowserKeyword$_openBrowser_closure1.call(OpenBrowserKeyword.groovy)
	at com.kms.katalon.core.webui.keyword.internal.WebUIKeywordMain.runKeyword(WebUIKeywordMain.groovy:20)
	at com.kms.katalon.core.webui.keyword.builtin.OpenBrowserKeyword.openBrowser(OpenBrowserKeyword.groovy:81)
	at com.kms.katalon.core.webui.keyword.builtin.OpenBrowserKeyword.execute(OpenBrowserKeyword.groovy:67)
	at com.kms.katalon.core.keyword.internal.KeywordExecutor.executeKeywordForPlatform(KeywordExecutor.groovy:74)
	at com.kms.katalon.core.webui.keyword.WebUiBuiltInKeywords.openBrowser(WebUiBuiltInKeywords.groovy:64)
	at add new test case.run(add new test case:20)
	at com.kms.katalon.core.main.ScriptEngine.run(ScriptEngine.java:194)
	at com.kms.katalon.core.main.ScriptEngine.runScriptAsRawText(ScriptEngine.java:119)
	at com.kms.katalon.core.main.TestCaseExecutor.runScript(TestCaseExecutor.java:448)
	at com.kms.katalon.core.main.TestCaseExecutor.doExecute(TestCaseExecutor.java:439)
	at com.kms.katalon.core.main.TestCaseExecutor.processExecutionPhase(TestCaseExecutor.java:418)
	at com.kms.katalon.core.main.TestCaseExecutor.accessMainPhase(TestCaseExecutor.java:410)
	at com.kms.katalon.core.main.TestCaseExecutor.execute(TestCaseExecutor.java:285)
	at com.kms.katalon.core.common.CommonExecutor.accessTestCaseMainPhase(CommonExecutor.java:65)
	at com.kms.katalon.core.main.TestSuiteExecutor.accessTestSuiteMainPhase(TestSuiteExecutor.java:150)
	at com.kms.katalon.core.main.TestSuiteExecutor.execute(TestSuiteExecutor.java:106)
	at com.kms.katalon.core.main.TestCaseMain.startTestSuite(TestCaseMain.java:180)
	at TempTestSuite1787051123983.run(TempTestSuite1787051123983.groovy:35)
	at java.base/jdk.internal.reflect.NativeMethodAccessorImpl.invoke0(Native Method)
	at java.base/jdk.internal.reflect.NativeMethodAccessorImpl.invoke(NativeMethodAccessorImpl.java:77)
	at java.base/jdk.internal.reflect.DelegatingMethodAccessorImpl.invoke(DelegatingMethodAccessorImpl.java:43)
</property>
  <property name="failed.exception.class">org.openqa.selenium.SessionNotCreatedException</property>
  <property name="failed.exception.message">session not created: This version of Microsoft Edge WebDriver only supports Microsoft Edge version 125
Current browser version is 151.0.4129.86 with binary path C:\Program Files (x86)\Microsoft\Edge\Application\msedge.exe
Build info: version: &apos;3.141.59&apos;, revision: &apos;unknown&apos;, time: &apos;unknown&apos;
System info: host: &apos;DESKTOP-8DOPEV3&apos;, ip: &apos;192.168.18.96&apos;, os.name: &apos;Windows 10&apos;, os.arch: &apos;amd64&apos;, os.version: &apos;10.0&apos;, java.version: &apos;17.0.7&apos;
Driver info: driver.version: CEdgeDriver
remote stacktrace: 	GetHandleVerifier [0x00007FF7021D5FF2+61250]
	Microsoft::Applications::Events::ILogConfiguration::operator* [0x00007FF702160649+207017]
	(No symbol) [0x00007FF701F6E3C7]
	(No symbol) [0x00007FF701FA676F]
	(No symbol) [0x00007FF701FA5C28]
	(No symbol) [0x00007FF701FA02B0]
	(No symbol) [0x00007FF701F9CD37]
	(No symbol) [0x00007FF701FDE92C]
	(No symbol) [0x00007FF701FD44B3]
	(No symbol) [0x00007FF701FA9F1E]
	(No symbol) [0x00007FF701FA90DC]
	(No symbol) [0x00007FF701FA9AD1]
	Microsoft::Applications::Events::EventProperty::to_string [0x00007FF70238E184+1072532]
	(No symbol) [0x00007FF702022CEC]
	Microsoft::Applications::Events::EventProperty::~EventProperty [0x00007FF7020CEEAC+51468]
	Microsoft::Applications::Events::EventProperty::~EventProperty [0x00007FF7020C3765+4549]
	Microsoft::Applications::Events::EventProperty::to_string [0x00007FF70238D145+1068373]
	Microsoft::Applications::Events::ILogConfiguration::operator* [0x00007FF70216A051+246449]
	Microsoft::Applications::Events::ILogConfiguration::operator* [0x00007FF7021653B4+226836]
	Microsoft::Applications::Events::ILogConfiguration::operator* [0x00007FF7021654EB+227147]
	Microsoft::Applications::Events::ILogConfiguration::operator* [0x00007FF70215BCE0+188224]
	BaseThreadInitThunk [0x00007FFF6D637374+20]
	RtlUserThreadStart [0x00007FFF6DC7CC91+33]
</property>
</record>
<record>
  <date>2026-08-18T11:05:30.154581700Z</date>
  <millis>1787051130154</millis>
  <nanos>581700</nanos>
  <sequence>23</sequence>
  <level>END</level>
  <class>com.kms.katalon.core.logging.XmlKeywordLogger</class>
  <method>endTest</method>
  <thread>1</thread>
  <message>End Test Case : Test Cases/add new test case</message>
  <nestedLevel>0</nestedLevel>
  <escapedJava>false</escapedJava>
  <property name="executionBindingVariables">[]</property>
  <property name="applitools">false</property>
  <property name="remainingRetryCount">3</property>
  <property name="currentRetryCount">0</property>
  <property name="keywordsUsage">{
  &quot;web_ui&quot;: true,
  &quot;web_service&quot;: false,
  &quot;cucumber&quot;: false,
  &quot;builtin&quot;: false,
  &quot;mobile&quot;: false,
  &quot;windows&quot;: false,
  &quot;testng&quot;: false
}</property>
</record>
<record>
  <date>2026-08-18T11:05:30.162579400Z</date>
  <millis>1787051130162</millis>
  <nanos>579400</nanos>
  <sequence>24</sequence>
  <level>START</level>
  <class>com.kms.katalon.core.logging.XmlKeywordLogger</class>
  <method>startTest</method>
  <thread>1</thread>
  <message>Start Test Case : Test Cases/add new test case</message>
  <nestedLevel>1</nestedLevel>
  <escapedJava>false</escapedJava>
  <property name="remainingRetryCount">2</property>
  <property name="name">Test Cases/add new test case</property>
  <property name="description"></property>
  <property name="iteration"></property>
  <property name="id">Test Cases/add new test case</property>
  <property name="source">C:\Users\Pc p\git\katalon_automation_testing\Test Cases\add new test case.tc</property>
  <property name="tag"></property>
  <property name="isOptional">false</property>
  <property name="currentRetryCount">1</property>
</record>
<record>
  <date>2026-08-18T11:05:30.197580800Z</date>
  <millis>1787051130197</millis>
  <nanos>580800</nanos>
  <sequence>26</sequence>
  <level>START</level>
  <class>com.kms.katalon.core.logging.XmlKeywordLogger</class>
  <method>startKeyword</method>
  <thread>1</thread>
  <message>Start action : openBrowser(&amp;quot;&amp;quot;)</message>
  <nestedLevel>1</nestedLevel>
  <escapedJava>false</escapedJava>
  <property name="startLine">20</property>
  <property name="stepIndex">1</property>
</record>
<record>
  <date>2026-08-18T11:05:30.206581Z</date>
  <millis>1787051130206</millis>
  <nanos>581000</nanos>
  <sequence>28</sequence>
  <level>INFO</level>
  <class>com.kms.katalon.core.logging.XmlKeywordLogger</class>
  <method>logMessage</method>
  <thread>1</thread>
  <message>Starting &amp;apos;Edge Chromium&amp;apos; driver</message>
  <nestedLevel>1</nestedLevel>
  <escapedJava>false</escapedJava>
</record>
<record>
  <date>2026-08-18T11:05:30.209578Z</date>
  <millis>1787051130209</millis>
  <nanos>578000</nanos>
  <sequence>30</sequence>
  <level>INFO</level>
  <class>com.kms.katalon.core.logging.XmlKeywordLogger</class>
  <method>logMessage</method>
  <thread>1</thread>
  <message>Action delay is set to 0 milliseconds</message>
  <nestedLevel>1</nestedLevel>
  <escapedJava>false</escapedJava>
</record>
<record>
  <date>2026-08-18T11:05:30.978583200Z</date>
  <millis>1787051130978</millis>
  <nanos>583200</nanos>
  <sequence>34</sequence>
  <level>FAILED</level>
  <class>com.kms.katalon.core.logging.XmlKeywordLogger</class>
  <method>logMessage</method>
  <thread>1</thread>
  <message>Unable to open browser with url: &amp;apos;&amp;apos; (Root cause: com.kms.katalon.core.exception.StepFailedException: Unable to open browser with url: &amp;apos;&amp;apos;
	at com.kms.katalon.core.webui.keyword.internal.WebUIKeywordMain.stepFailed(WebUIKeywordMain.groovy:64)
	at com.kms.katalon.core.webui.keyword.internal.WebUIKeywordMain.runKeyword(WebUIKeywordMain.groovy:26)
	at com.kms.katalon.core.webui.keyword.builtin.OpenBrowserKeyword.openBrowser(OpenBrowserKeyword.groovy:81)
	at com.kms.katalon.core.webui.keyword.builtin.OpenBrowserKeyword.execute(OpenBrowserKeyword.groovy:67)
	at com.kms.katalon.core.keyword.internal.KeywordExecutor.executeKeywordForPlatform(KeywordExecutor.groovy:74)
	at com.kms.katalon.core.webui.keyword.WebUiBuiltInKeywords.openBrowser(WebUiBuiltInKeywords.groovy:64)
	at add new test case.run(add new test case:20)
	at com.kms.katalon.core.main.ScriptEngine.run(ScriptEngine.java:194)
	at com.kms.katalon.core.main.ScriptEngine.runScriptAsRawText(ScriptEngine.java:119)
	at com.kms.katalon.core.main.TestCaseExecutor.runScript(TestCaseExecutor.java:448)
	at com.kms.katalon.core.main.TestCaseExecutor.doExecute(TestCaseExecutor.java:439)
	at com.kms.katalon.core.main.TestCaseExecutor.processExecutionPhase(TestCaseExecutor.java:418)
	at com.kms.katalon.core.main.TestCaseExecutor.accessMainPhase(TestCaseExecutor.java:410)
	at com.kms.katalon.core.main.TestCaseExecutor.execute(TestCaseExecutor.java:285)
	at com.kms.katalon.core.main.TestCaseExecutor.execute(TestCaseExecutor.java:369)
	at com.kms.katalon.core.common.CommonExecutor.accessTestCaseMainPhase(CommonExecutor.java:65)
	at com.kms.katalon.core.main.TestSuiteExecutor.accessTestSuiteMainPhase(TestSuiteExecutor.java:150)
	at com.kms.katalon.core.main.TestSuiteExecutor.execute(TestSuiteExecutor.java:106)
	at com.kms.katalon.core.main.TestCaseMain.startTestSuite(TestCaseMain.java:180)
	at TempTestSuite1787051123983.run(TempTestSuite1787051123983.groovy:35)
	at java.base/jdk.internal.reflect.NativeMethodAccessorImpl.invoke0(Native Method)
	at java.base/jdk.internal.reflect.NativeMethodAccessorImpl.invoke(NativeMethodAccessorImpl.java:77)
	at java.base/jdk.internal.reflect.DelegatingMethodAccessorImpl.invoke(DelegatingMethodAccessorImpl.java:43)
Caused by: org.openqa.selenium.SessionNotCreatedException: session not created: This version of Microsoft Edge WebDriver only supports Microsoft Edge version 125
Current browser version is 151.0.4129.86 with binary path C:\Program Files (x86)\Microsoft\Edge\Application\msedge.exe
Build info: version: &amp;apos;3.141.59&amp;apos;, revision: &amp;apos;unknown&amp;apos;, time: &amp;apos;unknown&amp;apos;
System info: host: &amp;apos;DESKTOP-8DOPEV3&amp;apos;, ip: &amp;apos;192.168.18.96&amp;apos;, os.name: &amp;apos;Windows 10&amp;apos;, os.arch: &amp;apos;amd64&amp;apos;, os.version: &amp;apos;10.0&amp;apos;, java.version: &amp;apos;17.0.7&amp;apos;
Driver info: driver.version: CEdgeDriver
remote stacktrace: 	GetHandleVerifier [0x00007FF7021D5FF2+61250]
	Microsoft::Applications::Events::ILogConfiguration::operator* [0x00007FF702160649+207017]
	(No symbol) [0x00007FF701F6E3C7]
	(No symbol) [0x00007FF701FA676F]
	(No symbol) [0x00007FF701FA5C28]
	(No symbol) [0x00007FF701FA02B0]
	(No symbol) [0x00007FF701F9CD37]
	(No symbol) [0x00007FF701FDE92C]
	(No symbol) [0x00007FF701FD44B3]
	(No symbol) [0x00007FF701FA9F1E]
	(No symbol) [0x00007FF701FA90DC]
	(No symbol) [0x00007FF701FA9AD1]
	Microsoft::Applications::Events::EventProperty::to_string [0x00007FF70238E184+1072532]
	(No symbol) [0x00007FF702022CEC]
	Microsoft::Applications::Events::EventProperty::~EventProperty [0x00007FF7020CEEAC+51468]
	Microsoft::Applications::Events::EventProperty::~EventProperty [0x00007FF7020C3765+4549]
	Microsoft::Applications::Events::EventProperty::to_string [0x00007FF70238D145+1068373]
	Microsoft::Applications::Events::ILogConfiguration::operator* [0x00007FF70216A051+246449]
	Microsoft::Applications::Events::ILogConfiguration::operator* [0x00007FF7021653B4+226836]
	Microsoft::Applications::Events::ILogConfiguration::operator* [0x00007FF7021654EB+227147]
	Microsoft::Applications::Events::ILogConfiguration::operator* [0x00007FF70215BCE0+188224]
	BaseThreadInitThunk [0x00007FFF6D637374+20]
	RtlUserThreadStart [0x00007FFF6DC7CC91+33]

	at java.base/jdk.internal.reflect.NativeConstructorAccessorImpl.newInstance0(Native Method)
	at java.base/jdk.internal.reflect.NativeConstructorAccessorImpl.newInstance(NativeConstructorAccessorImpl.java:77)
	at java.base/jdk.internal.reflect.DelegatingConstructorAccessorImpl.newInstance(DelegatingConstructorAccessorImpl.java:45)
	at org.openqa.selenium.remote.W3CHandshakeResponse.lambda$errorHandler$0(W3CHandshakeResponse.java:62)
	at org.openqa.selenium.remote.HandshakeResponse.lambda$getResponseFunction$0(HandshakeResponse.java:30)
	at org.openqa.selenium.remote.ProtocolHandshake.lambda$createSession$0(ProtocolHandshake.java:126)
	at org.openqa.selenium.remote.ProtocolHandshake.createSession(ProtocolHandshake.java:128)
	at org.openqa.selenium.remote.ProtocolHandshake.createSession(ProtocolHandshake.java:74)
	at org.openqa.selenium.remote.HttpCommandExecutor.execute(HttpCommandExecutor.java:136)
	at org.openqa.selenium.remote.service.DriverCommandExecutor.execute(DriverCommandExecutor.java:83)
	at org.openqa.selenium.remote.RemoteWebDriver.execute(RemoteWebDriver.java:552)
	at com.kms.katalon.selenium.driver.CEdgeDriver.execute(CEdgeDriver.java:20)
	at org.openqa.selenium.remote.RemoteWebDriver.startSession(RemoteWebDriver.java:213)
	at org.openqa.selenium.remote.RemoteWebDriver.&amp;lt;init&amp;gt;(RemoteWebDriver.java:131)
	at org.openqa.selenium.edge.EdgeDriver.&amp;lt;init&amp;gt;(EdgeDriver.java:154)
	at com.kms.katalon.selenium.driver.CEdgeDriver.&amp;lt;init&amp;gt;(CEdgeDriver.java:14)
	at com.kms.katalon.core.webui.driver.DriverFactory.createNewEdgeChromiumDriver(DriverFactory.java:692)
	at com.kms.katalon.core.webui.driver.DriverFactory.startNewBrowser(DriverFactory.java:397)
	at com.kms.katalon.core.webui.driver.DriverFactory.openWebDriver(DriverFactory.java:271)
	at com.kms.katalon.core.webui.keyword.builtin.OpenBrowserKeyword$_openBrowser_closure1.doCall(OpenBrowserKeyword.groovy:74)
	at com.kms.katalon.core.webui.keyword.builtin.OpenBrowserKeyword$_openBrowser_closure1.call(OpenBrowserKeyword.groovy)
	at com.kms.katalon.core.webui.keyword.internal.WebUIKeywordMain.runKeyword(WebUIKeywordMain.groovy:20)
	at com.kms.katalon.core.webui.keyword.builtin.OpenBrowserKeyword.openBrowser(OpenBrowserKeyword.groovy:81)
	at com.kms.katalon.core.webui.keyword.builtin.OpenBrowserKeyword.execute(OpenBrowserKeyword.groovy:67)
	at com.kms.katalon.core.keyword.internal.KeywordExecutor.executeKeywordForPlatform(KeywordExecutor.groovy:74)
	at com.kms.katalon.core.webui.keyword.WebUiBuiltInKeywords.openBrowser(WebUiBuiltInKeywords.groovy:64)
	at Script1786471458684.run(Script1786471458684.groovy:20)
	... 16 more
)</message>
  <nestedLevel>1</nestedLevel>
  <escapedJava>false</escapedJava>
  <property name="failed.exception.class">org.openqa.selenium.SessionNotCreatedException</property>
  <property name="failed.exception.stacktrace">org.openqa.selenium.SessionNotCreatedException: session not created: This version of Microsoft Edge WebDriver only supports Microsoft Edge version 125
Current browser version is 151.0.4129.86 with binary path C:\Program Files (x86)\Microsoft\Edge\Application\msedge.exe
Build info: version: &apos;3.141.59&apos;, revision: &apos;unknown&apos;, time: &apos;unknown&apos;
System info: host: &apos;DESKTOP-8DOPEV3&apos;, ip: &apos;192.168.18.96&apos;, os.name: &apos;Windows 10&apos;, os.arch: &apos;amd64&apos;, os.version: &apos;10.0&apos;, java.version: &apos;17.0.7&apos;
Driver info: driver.version: CEdgeDriver
remote stacktrace: 	GetHandleVerifier [0x00007FF7021D5FF2+61250]
	Microsoft::Applications::Events::ILogConfiguration::operator* [0x00007FF702160649+207017]
	(No symbol) [0x00007FF701F6E3C7]
	(No symbol) [0x00007FF701FA676F]
	(No symbol) [0x00007FF701FA5C28]
	(No symbol) [0x00007FF701FA02B0]
	(No symbol) [0x00007FF701F9CD37]
	(No symbol) [0x00007FF701FDE92C]
	(No symbol) [0x00007FF701FD44B3]
	(No symbol) [0x00007FF701FA9F1E]
	(No symbol) [0x00007FF701FA90DC]
	(No symbol) [0x00007FF701FA9AD1]
	Microsoft::Applications::Events::EventProperty::to_string [0x00007FF70238E184+1072532]
	(No symbol) [0x00007FF702022CEC]
	Microsoft::Applications::Events::EventProperty::~EventProperty [0x00007FF7020CEEAC+51468]
	Microsoft::Applications::Events::EventProperty::~EventProperty [0x00007FF7020C3765+4549]
	Microsoft::Applications::Events::EventProperty::to_string [0x00007FF70238D145+1068373]
	Microsoft::Applications::Events::ILogConfiguration::operator* [0x00007FF70216A051+246449]
	Microsoft::Applications::Events::ILogConfiguration::operator* [0x00007FF7021653B4+226836]
	Microsoft::Applications::Events::ILogConfiguration::operator* [0x00007FF7021654EB+227147]
	Microsoft::Applications::Events::ILogConfiguration::operator* [0x00007FF70215BCE0+188224]
	BaseThreadInitThunk [0x00007FFF6D637374+20]
	RtlUserThreadStart [0x00007FFF6DC7CC91+33]

	at java.base/jdk.internal.reflect.NativeConstructorAccessorImpl.newInstance0(Native Method)
	at java.base/jdk.internal.reflect.NativeConstructorAccessorImpl.newInstance(NativeConstructorAccessorImpl.java:77)
	at java.base/jdk.internal.reflect.DelegatingConstructorAccessorImpl.newInstance(DelegatingConstructorAccessorImpl.java:45)
	at org.openqa.selenium.remote.W3CHandshakeResponse.lambda$errorHandler$0(W3CHandshakeResponse.java:62)
	at org.openqa.selenium.remote.HandshakeResponse.lambda$getResponseFunction$0(HandshakeResponse.java:30)
	at org.openqa.selenium.remote.ProtocolHandshake.lambda$createSession$0(ProtocolHandshake.java:126)
	at org.openqa.selenium.remote.ProtocolHandshake.createSession(ProtocolHandshake.java:128)
	at org.openqa.selenium.remote.ProtocolHandshake.createSession(ProtocolHandshake.java:74)
	at org.openqa.selenium.remote.HttpCommandExecutor.execute(HttpCommandExecutor.java:136)
	at org.openqa.selenium.remote.service.DriverCommandExecutor.execute(DriverCommandExecutor.java:83)
	at org.openqa.selenium.remote.RemoteWebDriver.execute(RemoteWebDriver.java:552)
	at com.kms.katalon.selenium.driver.CEdgeDriver.execute(CEdgeDriver.java:20)
	at org.openqa.selenium.remote.RemoteWebDriver.startSession(RemoteWebDriver.java:213)
	at org.openqa.selenium.remote.RemoteWebDriver.&lt;init&gt;(RemoteWebDriver.java:131)
	at org.openqa.selenium.edge.EdgeDriver.&lt;init&gt;(EdgeDriver.java:154)
	at com.kms.katalon.selenium.driver.CEdgeDriver.&lt;init&gt;(CEdgeDriver.java:14)
	at com.kms.katalon.core.webui.driver.DriverFactory.createNewEdgeChromiumDriver(DriverFactory.java:692)
	at com.kms.katalon.core.webui.driver.DriverFactory.startNewBrowser(DriverFactory.java:397)
	at com.kms.katalon.core.webui.driver.DriverFactory.openWebDriver(DriverFactory.java:271)
	at com.kms.katalon.core.webui.keyword.builtin.OpenBrowserKeyword$_openBrowser_closure1.doCall(OpenBrowserKeyword.groovy:74)
	at com.kms.katalon.core.webui.keyword.builtin.OpenBrowserKeyword$_openBrowser_closure1.call(OpenBrowserKeyword.groovy)
	at com.kms.katalon.core.webui.keyword.internal.WebUIKeywordMain.runKeyword(WebUIKeywordMain.groovy:20)
	at com.kms.katalon.core.webui.keyword.builtin.OpenBrowserKeyword.openBrowser(OpenBrowserKeyword.groovy:81)
	at com.kms.katalon.core.webui.keyword.builtin.OpenBrowserKeyword.execute(OpenBrowserKeyword.groovy:67)
	at com.kms.katalon.core.keyword.internal.KeywordExecutor.executeKeywordForPlatform(KeywordExecutor.groovy:74)
	at com.kms.katalon.core.webui.keyword.WebUiBuiltInKeywords.openBrowser(WebUiBuiltInKeywords.groovy:64)
	at add new test case.run(add new test case:20)
	at com.kms.katalon.core.main.ScriptEngine.run(ScriptEngine.java:194)
	at com.kms.katalon.core.main.ScriptEngine.runScriptAsRawText(ScriptEngine.java:119)
	at com.kms.katalon.core.main.TestCaseExecutor.runScript(TestCaseExecutor.java:448)
	at com.kms.katalon.core.main.TestCaseExecutor.doExecute(TestCaseExecutor.java:439)
	at com.kms.katalon.core.main.TestCaseExecutor.processExecutionPhase(TestCaseExecutor.java:418)
	at com.kms.katalon.core.main.TestCaseExecutor.accessMainPhase(TestCaseExecutor.java:410)
	at com.kms.katalon.core.main.TestCaseExecutor.execute(TestCaseExecutor.java:285)
	at com.kms.katalon.core.main.TestCaseExecutor.execute(TestCaseExecutor.java:369)
	at com.kms.katalon.core.common.CommonExecutor.accessTestCaseMainPhase(CommonExecutor.java:65)
	at com.kms.katalon.core.main.TestSuiteExecutor.accessTestSuiteMainPhase(TestSuiteExecutor.java:150)
	at com.kms.katalon.core.main.TestSuiteExecutor.execute(TestSuiteExecutor.java:106)
	at com.kms.katalon.core.main.TestCaseMain.startTestSuite(TestCaseMain.java:180)
	at TempTestSuite1787051123983.run(TempTestSuite1787051123983.groovy:35)
	at java.base/jdk.internal.reflect.NativeMethodAccessorImpl.invoke0(Native Method)
	at java.base/jdk.internal.reflect.NativeMethodAccessorImpl.invoke(NativeMethodAccessorImpl.java:77)
	at java.base/jdk.internal.reflect.DelegatingMethodAccessorImpl.invoke(DelegatingMethodAccessorImpl.java:43)
</property>
  <property name="failed.exception.message">session not created: This version of Microsoft Edge WebDriver only supports Microsoft Edge version 125
Current browser version is 151.0.4129.86 with binary path C:\Program Files (x86)\Microsoft\Edge\Application\msedge.exe
Build info: version: &apos;3.141.59&apos;, revision: &apos;unknown&apos;, time: &apos;unknown&apos;
System info: host: &apos;DESKTOP-8DOPEV3&apos;, ip: &apos;192.168.18.96&apos;, os.name: &apos;Windows 10&apos;, os.arch: &apos;amd64&apos;, os.version: &apos;10.0&apos;, java.version: &apos;17.0.7&apos;
Driver info: driver.version: CEdgeDriver
remote stacktrace: 	GetHandleVerifier [0x00007FF7021D5FF2+61250]
	Microsoft::Applications::Events::ILogConfiguration::operator* [0x00007FF702160649+207017]
	(No symbol) [0x00007FF701F6E3C7]
	(No symbol) [0x00007FF701FA676F]
	(No symbol) [0x00007FF701FA5C28]
	(No symbol) [0x00007FF701FA02B0]
	(No symbol) [0x00007FF701F9CD37]
	(No symbol) [0x00007FF701FDE92C]
	(No symbol) [0x00007FF701FD44B3]
	(No symbol) [0x00007FF701FA9F1E]
	(No symbol) [0x00007FF701FA90DC]
	(No symbol) [0x00007FF701FA9AD1]
	Microsoft::Applications::Events::EventProperty::to_string [0x00007FF70238E184+1072532]
	(No symbol) [0x00007FF702022CEC]
	Microsoft::Applications::Events::EventProperty::~EventProperty [0x00007FF7020CEEAC+51468]
	Microsoft::Applications::Events::EventProperty::~EventProperty [0x00007FF7020C3765+4549]
	Microsoft::Applications::Events::EventProperty::to_string [0x00007FF70238D145+1068373]
	Microsoft::Applications::Events::ILogConfiguration::operator* [0x00007FF70216A051+246449]
	Microsoft::Applications::Events::ILogConfiguration::operator* [0x00007FF7021653B4+226836]
	Microsoft::Applications::Events::ILogConfiguration::operator* [0x00007FF7021654EB+227147]
	Microsoft::Applications::Events::ILogConfiguration::operator* [0x00007FF70215BCE0+188224]
	BaseThreadInitThunk [0x00007FFF6D637374+20]
	RtlUserThreadStart [0x00007FFF6DC7CC91+33]
</property>
</record>
<record>
  <date>2026-08-18T11:05:30.983578300Z</date>
  <millis>1787051130983</millis>
  <nanos>578300</nanos>
  <sequence>37</sequence>
  <level>END</level>
  <class>com.kms.katalon.core.logging.XmlKeywordLogger</class>
  <method>endKeyword</method>
  <thread>1</thread>
  <message>End action : openBrowser(&amp;quot;&amp;quot;)</message>
  <nestedLevel>1</nestedLevel>
  <escapedJava>false</escapedJava>
</record>
<record>
  <date>2026-08-18T11:05:30.984578900Z</date>
  <millis>1787051130984</millis>
  <nanos>578900</nanos>
  <sequence>40</sequence>
  <level>FAILED</level>
  <class>com.kms.katalon.core.logging.XmlKeywordLogger</class>
  <method>logMessage</method>
  <thread>1</thread>
  <message>Test Cases/add new test case FAILED.
Reason:
com.kms.katalon.core.exception.StepFailedException: Unable to open browser with url: &amp;apos;&amp;apos;
	at com.kms.katalon.core.webui.keyword.internal.WebUIKeywordMain.stepFailed(WebUIKeywordMain.groovy:64)
	at com.kms.katalon.core.webui.keyword.internal.WebUIKeywordMain.runKeyword(WebUIKeywordMain.groovy:26)
	at com.kms.katalon.core.webui.keyword.builtin.OpenBrowserKeyword.openBrowser(OpenBrowserKeyword.groovy:81)
	at com.kms.katalon.core.webui.keyword.builtin.OpenBrowserKeyword.execute(OpenBrowserKeyword.groovy:67)
	at com.kms.katalon.core.keyword.internal.KeywordExecutor.executeKeywordForPlatform(KeywordExecutor.groovy:74)
	at com.kms.katalon.core.webui.keyword.WebUiBuiltInKeywords.openBrowser(WebUiBuiltInKeywords.groovy:64)
	at add new test case.run(add new test case:20)
	at com.kms.katalon.core.main.ScriptEngine.run(ScriptEngine.java:194)
	at com.kms.katalon.core.main.ScriptEngine.runScriptAsRawText(ScriptEngine.java:119)
	at com.kms.katalon.core.main.TestCaseExecutor.runScript(TestCaseExecutor.java:448)
	at com.kms.katalon.core.main.TestCaseExecutor.doExecute(TestCaseExecutor.java:439)
	at com.kms.katalon.core.main.TestCaseExecutor.processExecutionPhase(TestCaseExecutor.java:418)
	at com.kms.katalon.core.main.TestCaseExecutor.accessMainPhase(TestCaseExecutor.java:410)
	at com.kms.katalon.core.main.TestCaseExecutor.execute(TestCaseExecutor.java:285)
	at com.kms.katalon.core.main.TestCaseExecutor.execute(TestCaseExecutor.java:369)
	at com.kms.katalon.core.common.CommonExecutor.accessTestCaseMainPhase(CommonExecutor.java:65)
	at com.kms.katalon.core.main.TestSuiteExecutor.accessTestSuiteMainPhase(TestSuiteExecutor.java:150)
	at com.kms.katalon.core.main.TestSuiteExecutor.execute(TestSuiteExecutor.java:106)
	at com.kms.katalon.core.main.TestCaseMain.startTestSuite(TestCaseMain.java:180)
	at TempTestSuite1787051123983.run(TempTestSuite1787051123983.groovy:35)
	at java.base/jdk.internal.reflect.NativeMethodAccessorImpl.invoke0(Native Method)
	at java.base/jdk.internal.reflect.NativeMethodAccessorImpl.invoke(NativeMethodAccessorImpl.java:77)
	at java.base/jdk.internal.reflect.DelegatingMethodAccessorImpl.invoke(DelegatingMethodAccessorImpl.java:43)
Caused by: org.openqa.selenium.SessionNotCreatedException: session not created: This version of Microsoft Edge WebDriver only supports Microsoft Edge version 125
Current browser version is 151.0.4129.86 with binary path C:\Program Files (x86)\Microsoft\Edge\Application\msedge.exe
Build info: version: &amp;apos;3.141.59&amp;apos;, revision: &amp;apos;unknown&amp;apos;, time: &amp;apos;unknown&amp;apos;
System info: host: &amp;apos;DESKTOP-8DOPEV3&amp;apos;, ip: &amp;apos;192.168.18.96&amp;apos;, os.name: &amp;apos;Windows 10&amp;apos;, os.arch: &amp;apos;amd64&amp;apos;, os.version: &amp;apos;10.0&amp;apos;, java.version: &amp;apos;17.0.7&amp;apos;
Driver info: driver.version: CEdgeDriver
remote stacktrace: 	GetHandleVerifier [0x00007FF7021D5FF2+61250]
	Microsoft::Applications::Events::ILogConfiguration::operator* [0x00007FF702160649+207017]
	(No symbol) [0x00007FF701F6E3C7]
	(No symbol) [0x00007FF701FA676F]
	(No symbol) [0x00007FF701FA5C28]
	(No symbol) [0x00007FF701FA02B0]
	(No symbol) [0x00007FF701F9CD37]
	(No symbol) [0x00007FF701FDE92C]
	(No symbol) [0x00007FF701FD44B3]
	(No symbol) [0x00007FF701FA9F1E]
	(No symbol) [0x00007FF701FA90DC]
	(No symbol) [0x00007FF701FA9AD1]
	Microsoft::Applications::Events::EventProperty::to_string [0x00007FF70238E184+1072532]
	(No symbol) [0x00007FF702022CEC]
	Microsoft::Applications::Events::EventProperty::~EventProperty [0x00007FF7020CEEAC+51468]
	Microsoft::Applications::Events::EventProperty::~EventProperty [0x00007FF7020C3765+4549]
	Microsoft::Applications::Events::EventProperty::to_string [0x00007FF70238D145+1068373]
	Microsoft::Applications::Events::ILogConfiguration::operator* [0x00007FF70216A051+246449]
	Microsoft::Applications::Events::ILogConfiguration::operator* [0x00007FF7021653B4+226836]
	Microsoft::Applications::Events::ILogConfiguration::operator* [0x00007FF7021654EB+227147]
	Microsoft::Applications::Events::ILogConfiguration::operator* [0x00007FF70215BCE0+188224]
	BaseThreadInitThunk [0x00007FFF6D637374+20]
	RtlUserThreadStart [0x00007FFF6DC7CC91+33]

	at java.base/jdk.internal.reflect.NativeConstructorAccessorImpl.newInstance0(Native Method)
	at java.base/jdk.internal.reflect.NativeConstructorAccessorImpl.newInstance(NativeConstructorAccessorImpl.java:77)
	at java.base/jdk.internal.reflect.DelegatingConstructorAccessorImpl.newInstance(DelegatingConstructorAccessorImpl.java:45)
	at org.openqa.selenium.remote.W3CHandshakeResponse.lambda$errorHandler$0(W3CHandshakeResponse.java:62)
	at org.openqa.selenium.remote.HandshakeResponse.lambda$getResponseFunction$0(HandshakeResponse.java:30)
	at org.openqa.selenium.remote.ProtocolHandshake.lambda$createSession$0(ProtocolHandshake.java:126)
	at org.openqa.selenium.remote.ProtocolHandshake.createSession(ProtocolHandshake.java:128)
	at org.openqa.selenium.remote.ProtocolHandshake.createSession(ProtocolHandshake.java:74)
	at org.openqa.selenium.remote.HttpCommandExecutor.execute(HttpCommandExecutor.java:136)
	at org.openqa.selenium.remote.service.DriverCommandExecutor.execute(DriverCommandExecutor.java:83)
	at org.openqa.selenium.remote.RemoteWebDriver.execute(RemoteWebDriver.java:552)
	at com.kms.katalon.selenium.driver.CEdgeDriver.execute(CEdgeDriver.java:20)
	at org.openqa.selenium.remote.RemoteWebDriver.startSession(RemoteWebDriver.java:213)
	at org.openqa.selenium.remote.RemoteWebDriver.&amp;lt;init&amp;gt;(RemoteWebDriver.java:131)
	at org.openqa.selenium.edge.EdgeDriver.&amp;lt;init&amp;gt;(EdgeDriver.java:154)
	at com.kms.katalon.selenium.driver.CEdgeDriver.&amp;lt;init&amp;gt;(CEdgeDriver.java:14)
	at com.kms.katalon.core.webui.driver.DriverFactory.createNewEdgeChromiumDriver(DriverFactory.java:692)
	at com.kms.katalon.core.webui.driver.DriverFactory.startNewBrowser(DriverFactory.java:397)
	at com.kms.katalon.core.webui.driver.DriverFactory.openWebDriver(DriverFactory.java:271)
	at com.kms.katalon.core.webui.keyword.builtin.OpenBrowserKeyword$_openBrowser_closure1.doCall(OpenBrowserKeyword.groovy:74)
	at com.kms.katalon.core.webui.keyword.builtin.OpenBrowserKeyword$_openBrowser_closure1.call(OpenBrowserKeyword.groovy)
	at com.kms.katalon.core.webui.keyword.internal.WebUIKeywordMain.runKeyword(WebUIKeywordMain.groovy:20)
	... 21 more
</message>
  <exception>
    <message>com.kms.katalon.core.exception.StepFailedException: Unable to open browser with url: ''</message>
    <frame>
      <class>com.kms.katalon.core.webui.keyword.internal.WebUIKeywordMain</class>
      <method>stepFailed</method>
      <line>64</line>
    </frame>
    <frame>
      <class>com.kms.katalon.core.webui.keyword.internal.WebUIKeywordMain</class>
      <method>runKeyword</method>
      <line>26</line>
    </frame>
    <frame>
      <class>com.kms.katalon.core.webui.keyword.builtin.OpenBrowserKeyword</class>
      <method>openBrowser</method>
      <line>81</line>
    </frame>
    <frame>
      <class>com.kms.katalon.core.webui.keyword.builtin.OpenBrowserKeyword</class>
      <method>execute</method>
      <line>67</line>
    </frame>
    <frame>
      <class>com.kms.katalon.core.keyword.internal.KeywordExecutor</class>
      <method>executeKeywordForPlatform</method>
      <line>74</line>
    </frame>
    <frame>
      <class>com.kms.katalon.core.webui.keyword.WebUiBuiltInKeywords</class>
      <method>openBrowser</method>
      <line>64</line>
    </frame>
    <frame>
      <class>add new test case</class>
      <method>run</method>
      <line>20</line>
    </frame>
    <frame>
      <class>com.kms.katalon.core.main.ScriptEngine</class>
      <method>run</method>
      <line>194</line>
    </frame>
    <frame>
      <class>com.kms.katalon.core.main.ScriptEngine</class>
      <method>runScriptAsRawText</method>
      <line>119</line>
    </frame>
    <frame>
      <class>com.kms.katalon.core.main.TestCaseExecutor</class>
      <method>runScript</method>
      <line>448</line>
    </frame>
    <frame>
      <class>com.kms.katalon.core.main.TestCaseExecutor</class>
      <method>doExecute</method>
      <line>439</line>
    </frame>
    <frame>
      <class>com.kms.katalon.core.main.TestCaseExecutor</class>
      <method>processExecutionPhase</method>
      <line>418</line>
    </frame>
    <frame>
      <class>com.kms.katalon.core.main.TestCaseExecutor</class>
      <method>accessMainPhase</method>
      <line>410</line>
    </frame>
    <frame>
      <class>com.kms.katalon.core.main.TestCaseExecutor</class>
      <method>execute</method>
      <line>285</line>
    </frame>
    <frame>
      <class>com.kms.katalon.core.main.TestCaseExecutor</class>
      <method>execute</method>
      <line>369</line>
    </frame>
    <frame>
      <class>com.kms.katalon.core.common.CommonExecutor</class>
      <method>accessTestCaseMainPhase</method>
      <line>65</line>
    </frame>
    <frame>
      <class>com.kms.katalon.core.main.TestSuiteExecutor</class>
      <method>accessTestSuiteMainPhase</method>
      <line>150</line>
    </frame>
    <frame>
      <class>com.kms.katalon.core.main.TestSuiteExecutor</class>
      <method>execute</method>
      <line>106</line>
    </frame>
    <frame>
      <class>com.kms.katalon.core.main.TestCaseMain</class>
      <method>startTestSuite</method>
      <line>180</line>
    </frame>
    <frame>
      <class>TempTestSuite1787051123983</class>
      <method>run</method>
      <line>35</line>
    </frame>
    <frame>
      <class>jdk.internal.reflect.NativeMethodAccessorImpl</class>
      <method>invoke0</method>
    </frame>
    <frame>
      <class>jdk.internal.reflect.NativeMethodAccessorImpl</class>
      <method>invoke</method>
      <line>77</line>
    </frame>
    <frame>
      <class>jdk.internal.reflect.DelegatingMethodAccessorImpl</class>
      <method>invoke</method>
      <line>43</line>
    </frame>
  </exception>
  <nestedLevel>0</nestedLevel>
  <escapedJava>false</escapedJava>
  <property name="failed.exception.stacktrace">org.openqa.selenium.SessionNotCreatedException: session not created: This version of Microsoft Edge WebDriver only supports Microsoft Edge version 125
Current browser version is 151.0.4129.86 with binary path C:\Program Files (x86)\Microsoft\Edge\Application\msedge.exe
Build info: version: &apos;3.141.59&apos;, revision: &apos;unknown&apos;, time: &apos;unknown&apos;
System info: host: &apos;DESKTOP-8DOPEV3&apos;, ip: &apos;192.168.18.96&apos;, os.name: &apos;Windows 10&apos;, os.arch: &apos;amd64&apos;, os.version: &apos;10.0&apos;, java.version: &apos;17.0.7&apos;
Driver info: driver.version: CEdgeDriver
remote stacktrace: 	GetHandleVerifier [0x00007FF7021D5FF2+61250]
	Microsoft::Applications::Events::ILogConfiguration::operator* [0x00007FF702160649+207017]
	(No symbol) [0x00007FF701F6E3C7]
	(No symbol) [0x00007FF701FA676F]
	(No symbol) [0x00007FF701FA5C28]
	(No symbol) [0x00007FF701FA02B0]
	(No symbol) [0x00007FF701F9CD37]
	(No symbol) [0x00007FF701FDE92C]
	(No symbol) [0x00007FF701FD44B3]
	(No symbol) [0x00007FF701FA9F1E]
	(No symbol) [0x00007FF701FA90DC]
	(No symbol) [0x00007FF701FA9AD1]
	Microsoft::Applications::Events::EventProperty::to_string [0x00007FF70238E184+1072532]
	(No symbol) [0x00007FF702022CEC]
	Microsoft::Applications::Events::EventProperty::~EventProperty [0x00007FF7020CEEAC+51468]
	Microsoft::Applications::Events::EventProperty::~EventProperty [0x00007FF7020C3765+4549]
	Microsoft::Applications::Events::EventProperty::to_string [0x00007FF70238D145+1068373]
	Microsoft::Applications::Events::ILogConfiguration::operator* [0x00007FF70216A051+246449]
	Microsoft::Applications::Events::ILogConfiguration::operator* [0x00007FF7021653B4+226836]
	Microsoft::Applications::Events::ILogConfiguration::operator* [0x00007FF7021654EB+227147]
	Microsoft::Applications::Events::ILogConfiguration::operator* [0x00007FF70215BCE0+188224]
	BaseThreadInitThunk [0x00007FFF6D637374+20]
	RtlUserThreadStart [0x00007FFF6DC7CC91+33]

	at java.base/jdk.internal.reflect.NativeConstructorAccessorImpl.newInstance0(Native Method)
	at java.base/jdk.internal.reflect.NativeConstructorAccessorImpl.newInstance(NativeConstructorAccessorImpl.java:77)
	at java.base/jdk.internal.reflect.DelegatingConstructorAccessorImpl.newInstance(DelegatingConstructorAccessorImpl.java:45)
	at org.openqa.selenium.remote.W3CHandshakeResponse.lambda$errorHandler$0(W3CHandshakeResponse.java:62)
	at org.openqa.selenium.remote.HandshakeResponse.lambda$getResponseFunction$0(HandshakeResponse.java:30)
	at org.openqa.selenium.remote.ProtocolHandshake.lambda$createSession$0(ProtocolHandshake.java:126)
	at org.openqa.selenium.remote.ProtocolHandshake.createSession(ProtocolHandshake.java:128)
	at org.openqa.selenium.remote.ProtocolHandshake.createSession(ProtocolHandshake.java:74)
	at org.openqa.selenium.remote.HttpCommandExecutor.execute(HttpCommandExecutor.java:136)
	at org.openqa.selenium.remote.service.DriverCommandExecutor.execute(DriverCommandExecutor.java:83)
	at org.openqa.selenium.remote.RemoteWebDriver.execute(RemoteWebDriver.java:552)
	at com.kms.katalon.selenium.driver.CEdgeDriver.execute(CEdgeDriver.java:20)
	at org.openqa.selenium.remote.RemoteWebDriver.startSession(RemoteWebDriver.java:213)
	at org.openqa.selenium.remote.RemoteWebDriver.&lt;init&gt;(RemoteWebDriver.java:131)
	at org.openqa.selenium.edge.EdgeDriver.&lt;init&gt;(EdgeDriver.java:154)
	at com.kms.katalon.selenium.driver.CEdgeDriver.&lt;init&gt;(CEdgeDriver.java:14)
	at com.kms.katalon.core.webui.driver.DriverFactory.createNewEdgeChromiumDriver(DriverFactory.java:692)
	at com.kms.katalon.core.webui.driver.DriverFactory.startNewBrowser(DriverFactory.java:397)
	at com.kms.katalon.core.webui.driver.DriverFactory.openWebDriver(DriverFactory.java:271)
	at com.kms.katalon.core.webui.keyword.builtin.OpenBrowserKeyword$_openBrowser_closure1.doCall(OpenBrowserKeyword.groovy:74)
	at com.kms.katalon.core.webui.keyword.builtin.OpenBrowserKeyword$_openBrowser_closure1.call(OpenBrowserKeyword.groovy)
	at com.kms.katalon.core.webui.keyword.internal.WebUIKeywordMain.runKeyword(WebUIKeywordMain.groovy:20)
	at com.kms.katalon.core.webui.keyword.builtin.OpenBrowserKeyword.openBrowser(OpenBrowserKeyword.groovy:81)
	at com.kms.katalon.core.webui.keyword.builtin.OpenBrowserKeyword.execute(OpenBrowserKeyword.groovy:67)
	at com.kms.katalon.core.keyword.internal.KeywordExecutor.executeKeywordForPlatform(KeywordExecutor.groovy:74)
	at com.kms.katalon.core.webui.keyword.WebUiBuiltInKeywords.openBrowser(WebUiBuiltInKeywords.groovy:64)
	at add new test case.run(add new test case:20)
	at com.kms.katalon.core.main.ScriptEngine.run(ScriptEngine.java:194)
	at com.kms.katalon.core.main.ScriptEngine.runScriptAsRawText(ScriptEngine.java:119)
	at com.kms.katalon.core.main.TestCaseExecutor.runScript(TestCaseExecutor.java:448)
	at com.kms.katalon.core.main.TestCaseExecutor.doExecute(TestCaseExecutor.java:439)
	at com.kms.katalon.core.main.TestCaseExecutor.processExecutionPhase(TestCaseExecutor.java:418)
	at com.kms.katalon.core.main.TestCaseExecutor.accessMainPhase(TestCaseExecutor.java:410)
	at com.kms.katalon.core.main.TestCaseExecutor.execute(TestCaseExecutor.java:285)
	at com.kms.katalon.core.main.TestCaseExecutor.execute(TestCaseExecutor.java:369)
	at com.kms.katalon.core.common.CommonExecutor.accessTestCaseMainPhase(CommonExecutor.java:65)
	at com.kms.katalon.core.main.TestSuiteExecutor.accessTestSuiteMainPhase(TestSuiteExecutor.java:150)
	at com.kms.katalon.core.main.TestSuiteExecutor.execute(TestSuiteExecutor.java:106)
	at com.kms.katalon.core.main.TestCaseMain.startTestSuite(TestCaseMain.java:180)
	at TempTestSuite1787051123983.run(TempTestSuite1787051123983.groovy:35)
	at java.base/jdk.internal.reflect.NativeMethodAccessorImpl.invoke0(Native Method)
	at java.base/jdk.internal.reflect.NativeMethodAccessorImpl.invoke(NativeMethodAccessorImpl.java:77)
	at java.base/jdk.internal.reflect.DelegatingMethodAccessorImpl.invoke(DelegatingMethodAccessorImpl.java:43)
</property>
  <property name="failed.exception.class">org.openqa.selenium.SessionNotCreatedException</property>
  <property name="failed.exception.message">session not created: This version of Microsoft Edge WebDriver only supports Microsoft Edge version 125
Current browser version is 151.0.4129.86 with binary path C:\Program Files (x86)\Microsoft\Edge\Application\msedge.exe
Build info: version: &apos;3.141.59&apos;, revision: &apos;unknown&apos;, time: &apos;unknown&apos;
System info: host: &apos;DESKTOP-8DOPEV3&apos;, ip: &apos;192.168.18.96&apos;, os.name: &apos;Windows 10&apos;, os.arch: &apos;amd64&apos;, os.version: &apos;10.0&apos;, java.version: &apos;17.0.7&apos;
Driver info: driver.version: CEdgeDriver
remote stacktrace: 	GetHandleVerifier [0x00007FF7021D5FF2+61250]
	Microsoft::Applications::Events::ILogConfiguration::operator* [0x00007FF702160649+207017]
	(No symbol) [0x00007FF701F6E3C7]
	(No symbol) [0x00007FF701FA676F]
	(No symbol) [0x00007FF701FA5C28]
	(No symbol) [0x00007FF701FA02B0]
	(No symbol) [0x00007FF701F9CD37]
	(No symbol) [0x00007FF701FDE92C]
	(No symbol) [0x00007FF701FD44B3]
	(No symbol) [0x00007FF701FA9F1E]
	(No symbol) [0x00007FF701FA90DC]
	(No symbol) [0x00007FF701FA9AD1]
	Microsoft::Applications::Events::EventProperty::to_string [0x00007FF70238E184+1072532]
	(No symbol) [0x00007FF702022CEC]
	Microsoft::Applications::Events::EventProperty::~EventProperty [0x00007FF7020CEEAC+51468]
	Microsoft::Applications::Events::EventProperty::~EventProperty [0x00007FF7020C3765+4549]
	Microsoft::Applications::Events::EventProperty::to_string [0x00007FF70238D145+1068373]
	Microsoft::Applications::Events::ILogConfiguration::operator* [0x00007FF70216A051+246449]
	Microsoft::Applications::Events::ILogConfiguration::operator* [0x00007FF7021653B4+226836]
	Microsoft::Applications::Events::ILogConfiguration::operator* [0x00007FF7021654EB+227147]
	Microsoft::Applications::Events::ILogConfiguration::operator* [0x00007FF70215BCE0+188224]
	BaseThreadInitThunk [0x00007FFF6D637374+20]
	RtlUserThreadStart [0x00007FFF6DC7CC91+33]
</property>
</record>
<record>
  <date>2026-08-18T11:05:30.990579400Z</date>
  <millis>1787051130990</millis>
  <nanos>579400</nanos>
  <sequence>42</sequence>
  <level>END</level>
  <class>com.kms.katalon.core.logging.XmlKeywordLogger</class>
  <method>endTest</method>
  <thread>1</thread>
  <message>End Test Case : Test Cases/add new test case</message>
  <nestedLevel>0</nestedLevel>
  <escapedJava>false</escapedJava>
  <property name="executionBindingVariables">[]</property>
  <property name="applitools">false</property>
  <property name="remainingRetryCount">2</property>
  <property name="currentRetryCount">1</property>
  <property name="keywordsUsage">{
  &quot;web_ui&quot;: true,
  &quot;web_service&quot;: false,
  &quot;cucumber&quot;: false,
  &quot;builtin&quot;: false,
  &quot;mobile&quot;: false,
  &quot;windows&quot;: false,
  &quot;testng&quot;: false
}</property>
</record>
<record>
  <date>2026-08-18T11:05:30.994579900Z</date>
  <millis>1787051130994</millis>
  <nanos>579900</nanos>
  <sequence>43</sequence>
  <level>START</level>
  <class>com.kms.katalon.core.logging.XmlKeywordLogger</class>
  <method>startTest</method>
  <thread>1</thread>
  <message>Start Test Case : Test Cases/add new test case</message>
  <nestedLevel>1</nestedLevel>
  <escapedJava>false</escapedJava>
  <property name="remainingRetryCount">1</property>
  <property name="name">Test Cases/add new test case</property>
  <property name="description"></property>
  <property name="iteration"></property>
  <property name="id">Test Cases/add new test case</property>
  <property name="source">C:\Users\Pc p\git\katalon_automation_testing\Test Cases\add new test case.tc</property>
  <property name="tag"></property>
  <property name="isOptional">false</property>
  <property name="currentRetryCount">2</property>
</record>
<record>
  <date>2026-08-18T11:05:31.018584300Z</date>
  <millis>1787051131018</millis>
  <nanos>584300</nanos>
  <sequence>45</sequence>
  <level>START</level>
  <class>com.kms.katalon.core.logging.XmlKeywordLogger</class>
  <method>startKeyword</method>
  <thread>1</thread>
  <message>Start action : openBrowser(&amp;quot;&amp;quot;)</message>
  <nestedLevel>1</nestedLevel>
  <escapedJava>false</escapedJava>
  <property name="startLine">20</property>
  <property name="stepIndex">1</property>
</record>
<record>
  <date>2026-08-18T11:05:31.028586Z</date>
  <millis>1787051131028</millis>
  <nanos>586000</nanos>
  <sequence>47</sequence>
  <level>INFO</level>
  <class>com.kms.katalon.core.logging.XmlKeywordLogger</class>
  <method>logMessage</method>
  <thread>1</thread>
  <message>Starting &amp;apos;Edge Chromium&amp;apos; driver</message>
  <nestedLevel>1</nestedLevel>
  <escapedJava>false</escapedJava>
</record>
<record>
  <date>2026-08-18T11:05:31.031582300Z</date>
  <millis>1787051131031</millis>
  <nanos>582300</nanos>
  <sequence>49</sequence>
  <level>INFO</level>
  <class>com.kms.katalon.core.logging.XmlKeywordLogger</class>
  <method>logMessage</method>
  <thread>1</thread>
  <message>Action delay is set to 0 milliseconds</message>
  <nestedLevel>1</nestedLevel>
  <escapedJava>false</escapedJava>
</record>
<record>
  <date>2026-08-18T11:05:31.776577600Z</date>
  <millis>1787051131776</millis>
  <nanos>577600</nanos>
  <sequence>53</sequence>
  <level>FAILED</level>
  <class>com.kms.katalon.core.logging.XmlKeywordLogger</class>
  <method>logMessage</method>
  <thread>1</thread>
  <message>Unable to open browser with url: &amp;apos;&amp;apos; (Root cause: com.kms.katalon.core.exception.StepFailedException: Unable to open browser with url: &amp;apos;&amp;apos;
	at com.kms.katalon.core.webui.keyword.internal.WebUIKeywordMain.stepFailed(WebUIKeywordMain.groovy:64)
	at com.kms.katalon.core.webui.keyword.internal.WebUIKeywordMain.runKeyword(WebUIKeywordMain.groovy:26)
	at com.kms.katalon.core.webui.keyword.builtin.OpenBrowserKeyword.openBrowser(OpenBrowserKeyword.groovy:81)
	at com.kms.katalon.core.webui.keyword.builtin.OpenBrowserKeyword.execute(OpenBrowserKeyword.groovy:67)
	at com.kms.katalon.core.keyword.internal.KeywordExecutor.executeKeywordForPlatform(KeywordExecutor.groovy:74)
	at com.kms.katalon.core.webui.keyword.WebUiBuiltInKeywords.openBrowser(WebUiBuiltInKeywords.groovy:64)
	at add new test case.run(add new test case:20)
	at com.kms.katalon.core.main.ScriptEngine.run(ScriptEngine.java:194)
	at com.kms.katalon.core.main.ScriptEngine.runScriptAsRawText(ScriptEngine.java:119)
	at com.kms.katalon.core.main.TestCaseExecutor.runScript(TestCaseExecutor.java:448)
	at com.kms.katalon.core.main.TestCaseExecutor.doExecute(TestCaseExecutor.java:439)
	at com.kms.katalon.core.main.TestCaseExecutor.processExecutionPhase(TestCaseExecutor.java:418)
	at com.kms.katalon.core.main.TestCaseExecutor.accessMainPhase(TestCaseExecutor.java:410)
	at com.kms.katalon.core.main.TestCaseExecutor.execute(TestCaseExecutor.java:285)
	at com.kms.katalon.core.main.TestCaseExecutor.execute(TestCaseExecutor.java:369)
	at com.kms.katalon.core.main.TestCaseExecutor.execute(TestCaseExecutor.java:369)
	at com.kms.katalon.core.common.CommonExecutor.accessTestCaseMainPhase(CommonExecutor.java:65)
	at com.kms.katalon.core.main.TestSuiteExecutor.accessTestSuiteMainPhase(TestSuiteExecutor.java:150)
	at com.kms.katalon.core.main.TestSuiteExecutor.execute(TestSuiteExecutor.java:106)
	at com.kms.katalon.core.main.TestCaseMain.startTestSuite(TestCaseMain.java:180)
	at TempTestSuite1787051123983.run(TempTestSuite1787051123983.groovy:35)
	at java.base/jdk.internal.reflect.NativeMethodAccessorImpl.invoke0(Native Method)
	at java.base/jdk.internal.reflect.NativeMethodAccessorImpl.invoke(NativeMethodAccessorImpl.java:77)
	at java.base/jdk.internal.reflect.DelegatingMethodAccessorImpl.invoke(DelegatingMethodAccessorImpl.java:43)
Caused by: org.openqa.selenium.SessionNotCreatedException: session not created: This version of Microsoft Edge WebDriver only supports Microsoft Edge version 125
Current browser version is 151.0.4129.86 with binary path C:\Program Files (x86)\Microsoft\Edge\Application\msedge.exe
Build info: version: &amp;apos;3.141.59&amp;apos;, revision: &amp;apos;unknown&amp;apos;, time: &amp;apos;unknown&amp;apos;
System info: host: &amp;apos;DESKTOP-8DOPEV3&amp;apos;, ip: &amp;apos;192.168.18.96&amp;apos;, os.name: &amp;apos;Windows 10&amp;apos;, os.arch: &amp;apos;amd64&amp;apos;, os.version: &amp;apos;10.0&amp;apos;, java.version: &amp;apos;17.0.7&amp;apos;
Driver info: driver.version: CEdgeDriver
remote stacktrace: 	GetHandleVerifier [0x00007FF7021D5FF2+61250]
	Microsoft::Applications::Events::ILogConfiguration::operator* [0x00007FF702160649+207017]
	(No symbol) [0x00007FF701F6E3C7]
	(No symbol) [0x00007FF701FA676F]
	(No symbol) [0x00007FF701FA5C28]
	(No symbol) [0x00007FF701FA02B0]
	(No symbol) [0x00007FF701F9CD37]
	(No symbol) [0x00007FF701FDE92C]
	(No symbol) [0x00007FF701FD44B3]
	(No symbol) [0x00007FF701FA9F1E]
	(No symbol) [0x00007FF701FA90DC]
	(No symbol) [0x00007FF701FA9AD1]
	Microsoft::Applications::Events::EventProperty::to_string [0x00007FF70238E184+1072532]
	(No symbol) [0x00007FF702022CEC]
	Microsoft::Applications::Events::EventProperty::~EventProperty [0x00007FF7020CEEAC+51468]
	Microsoft::Applications::Events::EventProperty::~EventProperty [0x00007FF7020C3765+4549]
	Microsoft::Applications::Events::EventProperty::to_string [0x00007FF70238D145+1068373]
	Microsoft::Applications::Events::ILogConfiguration::operator* [0x00007FF70216A051+246449]
	Microsoft::Applications::Events::ILogConfiguration::operator* [0x00007FF7021653B4+226836]
	Microsoft::Applications::Events::ILogConfiguration::operator* [0x00007FF7021654EB+227147]
	Microsoft::Applications::Events::ILogConfiguration::operator* [0x00007FF70215BCE0+188224]
	BaseThreadInitThunk [0x00007FFF6D637374+20]
	RtlUserThreadStart [0x00007FFF6DC7CC91+33]

	at java.base/jdk.internal.reflect.NativeConstructorAccessorImpl.newInstance0(Native Method)
	at java.base/jdk.internal.reflect.NativeConstructorAccessorImpl.newInstance(NativeConstructorAccessorImpl.java:77)
	at java.base/jdk.internal.reflect.DelegatingConstructorAccessorImpl.newInstance(DelegatingConstructorAccessorImpl.java:45)
	at org.openqa.selenium.remote.W3CHandshakeResponse.lambda$errorHandler$0(W3CHandshakeResponse.java:62)
	at org.openqa.selenium.remote.HandshakeResponse.lambda$getResponseFunction$0(HandshakeResponse.java:30)
	at org.openqa.selenium.remote.ProtocolHandshake.lambda$createSession$0(ProtocolHandshake.java:126)
	at org.openqa.selenium.remote.ProtocolHandshake.createSession(ProtocolHandshake.java:128)
	at org.openqa.selenium.remote.ProtocolHandshake.createSession(ProtocolHandshake.java:74)
	at org.openqa.selenium.remote.HttpCommandExecutor.execute(HttpCommandExecutor.java:136)
	at org.openqa.selenium.remote.service.DriverCommandExecutor.execute(DriverCommandExecutor.java:83)
	at org.openqa.selenium.remote.RemoteWebDriver.execute(RemoteWebDriver.java:552)
	at com.kms.katalon.selenium.driver.CEdgeDriver.execute(CEdgeDriver.java:20)
	at org.openqa.selenium.remote.RemoteWebDriver.startSession(RemoteWebDriver.java:213)
	at org.openqa.selenium.remote.RemoteWebDriver.&amp;lt;init&amp;gt;(RemoteWebDriver.java:131)
	at org.openqa.selenium.edge.EdgeDriver.&amp;lt;init&amp;gt;(EdgeDriver.java:154)
	at com.kms.katalon.selenium.driver.CEdgeDriver.&amp;lt;init&amp;gt;(CEdgeDriver.java:14)
	at com.kms.katalon.core.webui.driver.DriverFactory.createNewEdgeChromiumDriver(DriverFactory.java:692)
	at com.kms.katalon.core.webui.driver.DriverFactory.startNewBrowser(DriverFactory.java:397)
	at com.kms.katalon.core.webui.driver.DriverFactory.openWebDriver(DriverFactory.java:271)
	at com.kms.katalon.core.webui.keyword.builtin.OpenBrowserKeyword$_openBrowser_closure1.doCall(OpenBrowserKeyword.groovy:74)
	at com.kms.katalon.core.webui.keyword.builtin.OpenBrowserKeyword$_openBrowser_closure1.call(OpenBrowserKeyword.groovy)
	at com.kms.katalon.core.webui.keyword.internal.WebUIKeywordMain.runKeyword(WebUIKeywordMain.groovy:20)
	at com.kms.katalon.core.webui.keyword.builtin.OpenBrowserKeyword.openBrowser(OpenBrowserKeyword.groovy:81)
	at com.kms.katalon.core.webui.keyword.builtin.OpenBrowserKeyword.execute(OpenBrowserKeyword.groovy:67)
	at com.kms.katalon.core.keyword.internal.KeywordExecutor.executeKeywordForPlatform(KeywordExecutor.groovy:74)
	at com.kms.katalon.core.webui.keyword.WebUiBuiltInKeywords.openBrowser(WebUiBuiltInKeywords.groovy:64)
	at Script1786471458684.run(Script1786471458684.groovy:20)
	... 17 more
)</message>
  <nestedLevel>1</nestedLevel>
  <escapedJava>false</escapedJava>
  <property name="failed.exception.class">org.openqa.selenium.SessionNotCreatedException</property>
  <property name="failed.exception.stacktrace">org.openqa.selenium.SessionNotCreatedException: session not created: This version of Microsoft Edge WebDriver only supports Microsoft Edge version 125
Current browser version is 151.0.4129.86 with binary path C:\Program Files (x86)\Microsoft\Edge\Application\msedge.exe
Build info: version: &apos;3.141.59&apos;, revision: &apos;unknown&apos;, time: &apos;unknown&apos;
System info: host: &apos;DESKTOP-8DOPEV3&apos;, ip: &apos;192.168.18.96&apos;, os.name: &apos;Windows 10&apos;, os.arch: &apos;amd64&apos;, os.version: &apos;10.0&apos;, java.version: &apos;17.0.7&apos;
Driver info: driver.version: CEdgeDriver
remote stacktrace: 	GetHandleVerifier [0x00007FF7021D5FF2+61250]
	Microsoft::Applications::Events::ILogConfiguration::operator* [0x00007FF702160649+207017]
	(No symbol) [0x00007FF701F6E3C7]
	(No symbol) [0x00007FF701FA676F]
	(No symbol) [0x00007FF701FA5C28]
	(No symbol) [0x00007FF701FA02B0]
	(No symbol) [0x00007FF701F9CD37]
	(No symbol) [0x00007FF701FDE92C]
	(No symbol) [0x00007FF701FD44B3]
	(No symbol) [0x00007FF701FA9F1E]
	(No symbol) [0x00007FF701FA90DC]
	(No symbol) [0x00007FF701FA9AD1]
	Microsoft::Applications::Events::EventProperty::to_string [0x00007FF70238E184+1072532]
	(No symbol) [0x00007FF702022CEC]
	Microsoft::Applications::Events::EventProperty::~EventProperty [0x00007FF7020CEEAC+51468]
	Microsoft::Applications::Events::EventProperty::~EventProperty [0x00007FF7020C3765+4549]
	Microsoft::Applications::Events::EventProperty::to_string [0x00007FF70238D145+1068373]
	Microsoft::Applications::Events::ILogConfiguration::operator* [0x00007FF70216A051+246449]
	Microsoft::Applications::Events::ILogConfiguration::operator* [0x00007FF7021653B4+226836]
	Microsoft::Applications::Events::ILogConfiguration::operator* [0x00007FF7021654EB+227147]
	Microsoft::Applications::Events::ILogConfiguration::operator* [0x00007FF70215BCE0+188224]
	BaseThreadInitThunk [0x00007FFF6D637374+20]
	RtlUserThreadStart [0x00007FFF6DC7CC91+33]

	at java.base/jdk.internal.reflect.NativeConstructorAccessorImpl.newInstance0(Native Method)
	at java.base/jdk.internal.reflect.NativeConstructorAccessorImpl.newInstance(NativeConstructorAccessorImpl.java:77)
	at java.base/jdk.internal.reflect.DelegatingConstructorAccessorImpl.newInstance(DelegatingConstructorAccessorImpl.java:45)
	at org.openqa.selenium.remote.W3CHandshakeResponse.lambda$errorHandler$0(W3CHandshakeResponse.java:62)
	at org.openqa.selenium.remote.HandshakeResponse.lambda$getResponseFunction$0(HandshakeResponse.java:30)
	at org.openqa.selenium.remote.ProtocolHandshake.lambda$createSession$0(ProtocolHandshake.java:126)
	at org.openqa.selenium.remote.ProtocolHandshake.createSession(ProtocolHandshake.java:128)
	at org.openqa.selenium.remote.ProtocolHandshake.createSession(ProtocolHandshake.java:74)
	at org.openqa.selenium.remote.HttpCommandExecutor.execute(HttpCommandExecutor.java:136)
	at org.openqa.selenium.remote.service.DriverCommandExecutor.execute(DriverCommandExecutor.java:83)
	at org.openqa.selenium.remote.RemoteWebDriver.execute(RemoteWebDriver.java:552)
	at com.kms.katalon.selenium.driver.CEdgeDriver.execute(CEdgeDriver.java:20)
	at org.openqa.selenium.remote.RemoteWebDriver.startSession(RemoteWebDriver.java:213)
	at org.openqa.selenium.remote.RemoteWebDriver.&lt;init&gt;(RemoteWebDriver.java:131)
	at org.openqa.selenium.edge.EdgeDriver.&lt;init&gt;(EdgeDriver.java:154)
	at com.kms.katalon.selenium.driver.CEdgeDriver.&lt;init&gt;(CEdgeDriver.java:14)
	at com.kms.katalon.core.webui.driver.DriverFactory.createNewEdgeChromiumDriver(DriverFactory.java:692)
	at com.kms.katalon.core.webui.driver.DriverFactory.startNewBrowser(DriverFactory.java:397)
	at com.kms.katalon.core.webui.driver.DriverFactory.openWebDriver(DriverFactory.java:271)
	at com.kms.katalon.core.webui.keyword.builtin.OpenBrowserKeyword$_openBrowser_closure1.doCall(OpenBrowserKeyword.groovy:74)
	at com.kms.katalon.core.webui.keyword.builtin.OpenBrowserKeyword$_openBrowser_closure1.call(OpenBrowserKeyword.groovy)
	at com.kms.katalon.core.webui.keyword.internal.WebUIKeywordMain.runKeyword(WebUIKeywordMain.groovy:20)
	at com.kms.katalon.core.webui.keyword.builtin.OpenBrowserKeyword.openBrowser(OpenBrowserKeyword.groovy:81)
	at com.kms.katalon.core.webui.keyword.builtin.OpenBrowserKeyword.execute(OpenBrowserKeyword.groovy:67)
	at com.kms.katalon.core.keyword.internal.KeywordExecutor.executeKeywordForPlatform(KeywordExecutor.groovy:74)
	at com.kms.katalon.core.webui.keyword.WebUiBuiltInKeywords.openBrowser(WebUiBuiltInKeywords.groovy:64)
	at add new test case.run(add new test case:20)
	at com.kms.katalon.core.main.ScriptEngine.run(ScriptEngine.java:194)
	at com.kms.katalon.core.main.ScriptEngine.runScriptAsRawText(ScriptEngine.java:119)
	at com.kms.katalon.core.main.TestCaseExecutor.runScript(TestCaseExecutor.java:448)
	at com.kms.katalon.core.main.TestCaseExecutor.doExecute(TestCaseExecutor.java:439)
	at com.kms.katalon.core.main.TestCaseExecutor.processExecutionPhase(TestCaseExecutor.java:418)
	at com.kms.katalon.core.main.TestCaseExecutor.accessMainPhase(TestCaseExecutor.java:410)
	at com.kms.katalon.core.main.TestCaseExecutor.execute(TestCaseExecutor.java:285)
	at com.kms.katalon.core.main.TestCaseExecutor.execute(TestCaseExecutor.java:369)
	at com.kms.katalon.core.main.TestCaseExecutor.execute(TestCaseExecutor.java:369)
	at com.kms.katalon.core.common.CommonExecutor.accessTestCaseMainPhase(CommonExecutor.java:65)
	at com.kms.katalon.core.main.TestSuiteExecutor.accessTestSuiteMainPhase(TestSuiteExecutor.java:150)
	at com.kms.katalon.core.main.TestSuiteExecutor.execute(TestSuiteExecutor.java:106)
	at com.kms.katalon.core.main.TestCaseMain.startTestSuite(TestCaseMain.java:180)
	at TempTestSuite1787051123983.run(TempTestSuite1787051123983.groovy:35)
	at java.base/jdk.internal.reflect.NativeMethodAccessorImpl.invoke0(Native Method)
	at java.base/jdk.internal.reflect.NativeMethodAccessorImpl.invoke(NativeMethodAccessorImpl.java:77)
	at java.base/jdk.internal.reflect.DelegatingMethodAccessorImpl.invoke(DelegatingMethodAccessorImpl.java:43)
</property>
  <property name="failed.exception.message">session not created: This version of Microsoft Edge WebDriver only supports Microsoft Edge version 125
Current browser version is 151.0.4129.86 with binary path C:\Program Files (x86)\Microsoft\Edge\Application\msedge.exe
Build info: version: &apos;3.141.59&apos;, revision: &apos;unknown&apos;, time: &apos;unknown&apos;
System info: host: &apos;DESKTOP-8DOPEV3&apos;, ip: &apos;192.168.18.96&apos;, os.name: &apos;Windows 10&apos;, os.arch: &apos;amd64&apos;, os.version: &apos;10.0&apos;, java.version: &apos;17.0.7&apos;
Driver info: driver.version: CEdgeDriver
remote stacktrace: 	GetHandleVerifier [0x00007FF7021D5FF2+61250]
	Microsoft::Applications::Events::ILogConfiguration::operator* [0x00007FF702160649+207017]
	(No symbol) [0x00007FF701F6E3C7]
	(No symbol) [0x00007FF701FA676F]
	(No symbol) [0x00007FF701FA5C28]
	(No symbol) [0x00007FF701FA02B0]
	(No symbol) [0x00007FF701F9CD37]
	(No symbol) [0x00007FF701FDE92C]
	(No symbol) [0x00007FF701FD44B3]
	(No symbol) [0x00007FF701FA9F1E]
	(No symbol) [0x00007FF701FA90DC]
	(No symbol) [0x00007FF701FA9AD1]
	Microsoft::Applications::Events::EventProperty::to_string [0x00007FF70238E184+1072532]
	(No symbol) [0x00007FF702022CEC]
	Microsoft::Applications::Events::EventProperty::~EventProperty [0x00007FF7020CEEAC+51468]
	Microsoft::Applications::Events::EventProperty::~EventProperty [0x00007FF7020C3765+4549]
	Microsoft::Applications::Events::EventProperty::to_string [0x00007FF70238D145+1068373]
	Microsoft::Applications::Events::ILogConfiguration::operator* [0x00007FF70216A051+246449]
	Microsoft::Applications::Events::ILogConfiguration::operator* [0x00007FF7021653B4+226836]
	Microsoft::Applications::Events::ILogConfiguration::operator* [0x00007FF7021654EB+227147]
	Microsoft::Applications::Events::ILogConfiguration::operator* [0x00007FF70215BCE0+188224]
	BaseThreadInitThunk [0x00007FFF6D637374+20]
	RtlUserThreadStart [0x00007FFF6DC7CC91+33]
</property>
</record>
<record>
  <date>2026-08-18T11:05:31.780577600Z</date>
  <millis>1787051131780</millis>
  <nanos>577600</nanos>
  <sequence>56</sequence>
  <level>END</level>
  <class>com.kms.katalon.core.logging.XmlKeywordLogger</class>
  <method>endKeyword</method>
  <thread>1</thread>
  <message>End action : openBrowser(&amp;quot;&amp;quot;)</message>
  <nestedLevel>1</nestedLevel>
  <escapedJava>false</escapedJava>
</record>
<record>
  <date>2026-08-18T11:05:31.781581300Z</date>
  <millis>1787051131781</millis>
  <nanos>581300</nanos>
  <sequence>59</sequence>
  <level>FAILED</level>
  <class>com.kms.katalon.core.logging.XmlKeywordLogger</class>
  <method>logMessage</method>
  <thread>1</thread>
  <message>Test Cases/add new test case FAILED.
Reason:
com.kms.katalon.core.exception.StepFailedException: Unable to open browser with url: &amp;apos;&amp;apos;
	at com.kms.katalon.core.webui.keyword.internal.WebUIKeywordMain.stepFailed(WebUIKeywordMain.groovy:64)
	at com.kms.katalon.core.webui.keyword.internal.WebUIKeywordMain.runKeyword(WebUIKeywordMain.groovy:26)
	at com.kms.katalon.core.webui.keyword.builtin.OpenBrowserKeyword.openBrowser(OpenBrowserKeyword.groovy:81)
	at com.kms.katalon.core.webui.keyword.builtin.OpenBrowserKeyword.execute(OpenBrowserKeyword.groovy:67)
	at com.kms.katalon.core.keyword.internal.KeywordExecutor.executeKeywordForPlatform(KeywordExecutor.groovy:74)
	at com.kms.katalon.core.webui.keyword.WebUiBuiltInKeywords.openBrowser(WebUiBuiltInKeywords.groovy:64)
	at add new test case.run(add new test case:20)
	at com.kms.katalon.core.main.ScriptEngine.run(ScriptEngine.java:194)
	at com.kms.katalon.core.main.ScriptEngine.runScriptAsRawText(ScriptEngine.java:119)
	at com.kms.katalon.core.main.TestCaseExecutor.runScript(TestCaseExecutor.java:448)
	at com.kms.katalon.core.main.TestCaseExecutor.doExecute(TestCaseExecutor.java:439)
	at com.kms.katalon.core.main.TestCaseExecutor.processExecutionPhase(TestCaseExecutor.java:418)
	at com.kms.katalon.core.main.TestCaseExecutor.accessMainPhase(TestCaseExecutor.java:410)
	at com.kms.katalon.core.main.TestCaseExecutor.execute(TestCaseExecutor.java:285)
	at com.kms.katalon.core.main.TestCaseExecutor.execute(TestCaseExecutor.java:369)
	at com.kms.katalon.core.main.TestCaseExecutor.execute(TestCaseExecutor.java:369)
	at com.kms.katalon.core.common.CommonExecutor.accessTestCaseMainPhase(CommonExecutor.java:65)
	at com.kms.katalon.core.main.TestSuiteExecutor.accessTestSuiteMainPhase(TestSuiteExecutor.java:150)
	at com.kms.katalon.core.main.TestSuiteExecutor.execute(TestSuiteExecutor.java:106)
	at com.kms.katalon.core.main.TestCaseMain.startTestSuite(TestCaseMain.java:180)
	at TempTestSuite1787051123983.run(TempTestSuite1787051123983.groovy:35)
	at java.base/jdk.internal.reflect.NativeMethodAccessorImpl.invoke0(Native Method)
	at java.base/jdk.internal.reflect.NativeMethodAccessorImpl.invoke(NativeMethodAccessorImpl.java:77)
	at java.base/jdk.internal.reflect.DelegatingMethodAccessorImpl.invoke(DelegatingMethodAccessorImpl.java:43)
Caused by: org.openqa.selenium.SessionNotCreatedException: session not created: This version of Microsoft Edge WebDriver only supports Microsoft Edge version 125
Current browser version is 151.0.4129.86 with binary path C:\Program Files (x86)\Microsoft\Edge\Application\msedge.exe
Build info: version: &amp;apos;3.141.59&amp;apos;, revision: &amp;apos;unknown&amp;apos;, time: &amp;apos;unknown&amp;apos;
System info: host: &amp;apos;DESKTOP-8DOPEV3&amp;apos;, ip: &amp;apos;192.168.18.96&amp;apos;, os.name: &amp;apos;Windows 10&amp;apos;, os.arch: &amp;apos;amd64&amp;apos;, os.version: &amp;apos;10.0&amp;apos;, java.version: &amp;apos;17.0.7&amp;apos;
Driver info: driver.version: CEdgeDriver
remote stacktrace: 	GetHandleVerifier [0x00007FF7021D5FF2+61250]
	Microsoft::Applications::Events::ILogConfiguration::operator* [0x00007FF702160649+207017]
	(No symbol) [0x00007FF701F6E3C7]
	(No symbol) [0x00007FF701FA676F]
	(No symbol) [0x00007FF701FA5C28]
	(No symbol) [0x00007FF701FA02B0]
	(No symbol) [0x00007FF701F9CD37]
	(No symbol) [0x00007FF701FDE92C]
	(No symbol) [0x00007FF701FD44B3]
	(No symbol) [0x00007FF701FA9F1E]
	(No symbol) [0x00007FF701FA90DC]
	(No symbol) [0x00007FF701FA9AD1]
	Microsoft::Applications::Events::EventProperty::to_string [0x00007FF70238E184+1072532]
	(No symbol) [0x00007FF702022CEC]
	Microsoft::Applications::Events::EventProperty::~EventProperty [0x00007FF7020CEEAC+51468]
	Microsoft::Applications::Events::EventProperty::~EventProperty [0x00007FF7020C3765+4549]
	Microsoft::Applications::Events::EventProperty::to_string [0x00007FF70238D145+1068373]
	Microsoft::Applications::Events::ILogConfiguration::operator* [0x00007FF70216A051+246449]
	Microsoft::Applications::Events::ILogConfiguration::operator* [0x00007FF7021653B4+226836]
	Microsoft::Applications::Events::ILogConfiguration::operator* [0x00007FF7021654EB+227147]
	Microsoft::Applications::Events::ILogConfiguration::operator* [0x00007FF70215BCE0+188224]
	BaseThreadInitThunk [0x00007FFF6D637374+20]
	RtlUserThreadStart [0x00007FFF6DC7CC91+33]

	at java.base/jdk.internal.reflect.NativeConstructorAccessorImpl.newInstance0(Native Method)
	at java.base/jdk.internal.reflect.NativeConstructorAccessorImpl.newInstance(NativeConstructorAccessorImpl.java:77)
	at java.base/jdk.internal.reflect.DelegatingConstructorAccessorImpl.newInstance(DelegatingConstructorAccessorImpl.java:45)
	at org.openqa.selenium.remote.W3CHandshakeResponse.lambda$errorHandler$0(W3CHandshakeResponse.java:62)
	at org.openqa.selenium.remote.HandshakeResponse.lambda$getResponseFunction$0(HandshakeResponse.java:30)
	at org.openqa.selenium.remote.ProtocolHandshake.lambda$createSession$0(ProtocolHandshake.java:126)
	at org.openqa.selenium.remote.ProtocolHandshake.createSession(ProtocolHandshake.java:128)
	at org.openqa.selenium.remote.ProtocolHandshake.createSession(ProtocolHandshake.java:74)
	at org.openqa.selenium.remote.HttpCommandExecutor.execute(HttpCommandExecutor.java:136)
	at org.openqa.selenium.remote.service.DriverCommandExecutor.execute(DriverCommandExecutor.java:83)
	at org.openqa.selenium.remote.RemoteWebDriver.execute(RemoteWebDriver.java:552)
	at com.kms.katalon.selenium.driver.CEdgeDriver.execute(CEdgeDriver.java:20)
	at org.openqa.selenium.remote.RemoteWebDriver.startSession(RemoteWebDriver.java:213)
	at org.openqa.selenium.remote.RemoteWebDriver.&amp;lt;init&amp;gt;(RemoteWebDriver.java:131)
	at org.openqa.selenium.edge.EdgeDriver.&amp;lt;init&amp;gt;(EdgeDriver.java:154)
	at com.kms.katalon.selenium.driver.CEdgeDriver.&amp;lt;init&amp;gt;(CEdgeDriver.java:14)
	at com.kms.katalon.core.webui.driver.DriverFactory.createNewEdgeChromiumDriver(DriverFactory.java:692)
	at com.kms.katalon.core.webui.driver.DriverFactory.startNewBrowser(DriverFactory.java:397)
	at com.kms.katalon.core.webui.driver.DriverFactory.openWebDriver(DriverFactory.java:271)
	at com.kms.katalon.core.webui.keyword.builtin.OpenBrowserKeyword$_openBrowser_closure1.doCall(OpenBrowserKeyword.groovy:74)
	at com.kms.katalon.core.webui.keyword.builtin.OpenBrowserKeyword$_openBrowser_closure1.call(OpenBrowserKeyword.groovy)
	at com.kms.katalon.core.webui.keyword.internal.WebUIKeywordMain.runKeyword(WebUIKeywordMain.groovy:20)
	... 22 more
</message>
  <exception>
    <message>com.kms.katalon.core.exception.StepFailedException: Unable to open browser with url: ''</message>
    <frame>
      <class>com.kms.katalon.core.webui.keyword.internal.WebUIKeywordMain</class>
      <method>stepFailed</method>
      <line>64</line>
    </frame>
    <frame>
      <class>com.kms.katalon.core.webui.keyword.internal.WebUIKeywordMain</class>
      <method>runKeyword</method>
      <line>26</line>
    </frame>
    <frame>
      <class>com.kms.katalon.core.webui.keyword.builtin.OpenBrowserKeyword</class>
      <method>openBrowser</method>
      <line>81</line>
    </frame>
    <frame>
      <class>com.kms.katalon.core.webui.keyword.builtin.OpenBrowserKeyword</class>
      <method>execute</method>
      <line>67</line>
    </frame>
    <frame>
      <class>com.kms.katalon.core.keyword.internal.KeywordExecutor</class>
      <method>executeKeywordForPlatform</method>
      <line>74</line>
    </frame>
    <frame>
      <class>com.kms.katalon.core.webui.keyword.WebUiBuiltInKeywords</class>
      <method>openBrowser</method>
      <line>64</line>
    </frame>
    <frame>
      <class>add new test case</class>
      <method>run</method>
      <line>20</line>
    </frame>
    <frame>
      <class>com.kms.katalon.core.main.ScriptEngine</class>
      <method>run</method>
      <line>194</line>
    </frame>
    <frame>
      <class>com.kms.katalon.core.main.ScriptEngine</class>
      <method>runScriptAsRawText</method>
      <line>119</line>
    </frame>
    <frame>
      <class>com.kms.katalon.core.main.TestCaseExecutor</class>
      <method>runScript</method>
      <line>448</line>
    </frame>
    <frame>
      <class>com.kms.katalon.core.main.TestCaseExecutor</class>
      <method>doExecute</method>
      <line>439</line>
    </frame>
    <frame>
      <class>com.kms.katalon.core.main.TestCaseExecutor</class>
      <method>processExecutionPhase</method>
      <line>418</line>
    </frame>
    <frame>
      <class>com.kms.katalon.core.main.TestCaseExecutor</class>
      <method>accessMainPhase</method>
      <line>410</line>
    </frame>
    <frame>
      <class>com.kms.katalon.core.main.TestCaseExecutor</class>
      <method>execute</method>
      <line>285</line>
    </frame>
    <frame>
      <class>com.kms.katalon.core.main.TestCaseExecutor</class>
      <method>execute</method>
      <line>369</line>
    </frame>
    <frame>
      <class>com.kms.katalon.core.main.TestCaseExecutor</class>
      <method>execute</method>
      <line>369</line>
    </frame>
    <frame>
      <class>com.kms.katalon.core.common.CommonExecutor</class>
      <method>accessTestCaseMainPhase</method>
      <line>65</line>
    </frame>
    <frame>
      <class>com.kms.katalon.core.main.TestSuiteExecutor</class>
      <method>accessTestSuiteMainPhase</method>
      <line>150</line>
    </frame>
    <frame>
      <class>com.kms.katalon.core.main.TestSuiteExecutor</class>
      <method>execute</method>
      <line>106</line>
    </frame>
    <frame>
      <class>com.kms.katalon.core.main.TestCaseMain</class>
      <method>startTestSuite</method>
      <line>180</line>
    </frame>
    <frame>
      <class>TempTestSuite1787051123983</class>
      <method>run</method>
      <line>35</line>
    </frame>
    <frame>
      <class>jdk.internal.reflect.NativeMethodAccessorImpl</class>
      <method>invoke0</method>
    </frame>
    <frame>
      <class>jdk.internal.reflect.NativeMethodAccessorImpl</class>
      <method>invoke</method>
      <line>77</line>
    </frame>
    <frame>
      <class>jdk.internal.reflect.DelegatingMethodAccessorImpl</class>
      <method>invoke</method>
      <line>43</line>
    </frame>
  </exception>
  <nestedLevel>0</nestedLevel>
  <escapedJava>false</escapedJava>
  <property name="failed.exception.stacktrace">org.openqa.selenium.SessionNotCreatedException: session not created: This version of Microsoft Edge WebDriver only supports Microsoft Edge version 125
Current browser version is 151.0.4129.86 with binary path C:\Program Files (x86)\Microsoft\Edge\Application\msedge.exe
Build info: version: &apos;3.141.59&apos;, revision: &apos;unknown&apos;, time: &apos;unknown&apos;
System info: host: &apos;DESKTOP-8DOPEV3&apos;, ip: &apos;192.168.18.96&apos;, os.name: &apos;Windows 10&apos;, os.arch: &apos;amd64&apos;, os.version: &apos;10.0&apos;, java.version: &apos;17.0.7&apos;
Driver info: driver.version: CEdgeDriver
remote stacktrace: 	GetHandleVerifier [0x00007FF7021D5FF2+61250]
	Microsoft::Applications::Events::ILogConfiguration::operator* [0x00007FF702160649+207017]
	(No symbol) [0x00007FF701F6E3C7]
	(No symbol) [0x00007FF701FA676F]
	(No symbol) [0x00007FF701FA5C28]
	(No symbol) [0x00007FF701FA02B0]
	(No symbol) [0x00007FF701F9CD37]
	(No symbol) [0x00007FF701FDE92C]
	(No symbol) [0x00007FF701FD44B3]
	(No symbol) [0x00007FF701FA9F1E]
	(No symbol) [0x00007FF701FA90DC]
	(No symbol) [0x00007FF701FA9AD1]
	Microsoft::Applications::Events::EventProperty::to_string [0x00007FF70238E184+1072532]
	(No symbol) [0x00007FF702022CEC]
	Microsoft::Applications::Events::EventProperty::~EventProperty [0x00007FF7020CEEAC+51468]
	Microsoft::Applications::Events::EventProperty::~EventProperty [0x00007FF7020C3765+4549]
	Microsoft::Applications::Events::EventProperty::to_string [0x00007FF70238D145+1068373]
	Microsoft::Applications::Events::ILogConfiguration::operator* [0x00007FF70216A051+246449]
	Microsoft::Applications::Events::ILogConfiguration::operator* [0x00007FF7021653B4+226836]
	Microsoft::Applications::Events::ILogConfiguration::operator* [0x00007FF7021654EB+227147]
	Microsoft::Applications::Events::ILogConfiguration::operator* [0x00007FF70215BCE0+188224]
	BaseThreadInitThunk [0x00007FFF6D637374+20]
	RtlUserThreadStart [0x00007FFF6DC7CC91+33]

	at java.base/jdk.internal.reflect.NativeConstructorAccessorImpl.newInstance0(Native Method)
	at java.base/jdk.internal.reflect.NativeConstructorAccessorImpl.newInstance(NativeConstructorAccessorImpl.java:77)
	at java.base/jdk.internal.reflect.DelegatingConstructorAccessorImpl.newInstance(DelegatingConstructorAccessorImpl.java:45)
	at org.openqa.selenium.remote.W3CHandshakeResponse.lambda$errorHandler$0(W3CHandshakeResponse.java:62)
	at org.openqa.selenium.remote.HandshakeResponse.lambda$getResponseFunction$0(HandshakeResponse.java:30)
	at org.openqa.selenium.remote.ProtocolHandshake.lambda$createSession$0(ProtocolHandshake.java:126)
	at org.openqa.selenium.remote.ProtocolHandshake.createSession(ProtocolHandshake.java:128)
	at org.openqa.selenium.remote.ProtocolHandshake.createSession(ProtocolHandshake.java:74)
	at org.openqa.selenium.remote.HttpCommandExecutor.execute(HttpCommandExecutor.java:136)
	at org.openqa.selenium.remote.service.DriverCommandExecutor.execute(DriverCommandExecutor.java:83)
	at org.openqa.selenium.remote.RemoteWebDriver.execute(RemoteWebDriver.java:552)
	at com.kms.katalon.selenium.driver.CEdgeDriver.execute(CEdgeDriver.java:20)
	at org.openqa.selenium.remote.RemoteWebDriver.startSession(RemoteWebDriver.java:213)
	at org.openqa.selenium.remote.RemoteWebDriver.&lt;init&gt;(RemoteWebDriver.java:131)
	at org.openqa.selenium.edge.EdgeDriver.&lt;init&gt;(EdgeDriver.java:154)
	at com.kms.katalon.selenium.driver.CEdgeDriver.&lt;init&gt;(CEdgeDriver.java:14)
	at com.kms.katalon.core.webui.driver.DriverFactory.createNewEdgeChromiumDriver(DriverFactory.java:692)
	at com.kms.katalon.core.webui.driver.DriverFactory.startNewBrowser(DriverFactory.java:397)
	at com.kms.katalon.core.webui.driver.DriverFactory.openWebDriver(DriverFactory.java:271)
	at com.kms.katalon.core.webui.keyword.builtin.OpenBrowserKeyword$_openBrowser_closure1.doCall(OpenBrowserKeyword.groovy:74)
	at com.kms.katalon.core.webui.keyword.builtin.OpenBrowserKeyword$_openBrowser_closure1.call(OpenBrowserKeyword.groovy)
	at com.kms.katalon.core.webui.keyword.internal.WebUIKeywordMain.runKeyword(WebUIKeywordMain.groovy:20)
	at com.kms.katalon.core.webui.keyword.builtin.OpenBrowserKeyword.openBrowser(OpenBrowserKeyword.groovy:81)
	at com.kms.katalon.core.webui.keyword.builtin.OpenBrowserKeyword.execute(OpenBrowserKeyword.groovy:67)
	at com.kms.katalon.core.keyword.internal.KeywordExecutor.executeKeywordForPlatform(KeywordExecutor.groovy:74)
	at com.kms.katalon.core.webui.keyword.WebUiBuiltInKeywords.openBrowser(WebUiBuiltInKeywords.groovy:64)
	at add new test case.run(add new test case:20)
	at com.kms.katalon.core.main.ScriptEngine.run(ScriptEngine.java:194)
	at com.kms.katalon.core.main.ScriptEngine.runScriptAsRawText(ScriptEngine.java:119)
	at com.kms.katalon.core.main.TestCaseExecutor.runScript(TestCaseExecutor.java:448)
	at com.kms.katalon.core.main.TestCaseExecutor.doExecute(TestCaseExecutor.java:439)
	at com.kms.katalon.core.main.TestCaseExecutor.processExecutionPhase(TestCaseExecutor.java:418)
	at com.kms.katalon.core.main.TestCaseExecutor.accessMainPhase(TestCaseExecutor.java:410)
	at com.kms.katalon.core.main.TestCaseExecutor.execute(TestCaseExecutor.java:285)
	at com.kms.katalon.core.main.TestCaseExecutor.execute(TestCaseExecutor.java:369)
	at com.kms.katalon.core.main.TestCaseExecutor.execute(TestCaseExecutor.java:369)
	at com.kms.katalon.core.common.CommonExecutor.accessTestCaseMainPhase(CommonExecutor.java:65)
	at com.kms.katalon.core.main.TestSuiteExecutor.accessTestSuiteMainPhase(TestSuiteExecutor.java:150)
	at com.kms.katalon.core.main.TestSuiteExecutor.execute(TestSuiteExecutor.java:106)
	at com.kms.katalon.core.main.TestCaseMain.startTestSuite(TestCaseMain.java:180)
	at TempTestSuite1787051123983.run(TempTestSuite1787051123983.groovy:35)
	at java.base/jdk.internal.reflect.NativeMethodAccessorImpl.invoke0(Native Method)
	at java.base/jdk.internal.reflect.NativeMethodAccessorImpl.invoke(NativeMethodAccessorImpl.java:77)
	at java.base/jdk.internal.reflect.DelegatingMethodAccessorImpl.invoke(DelegatingMethodAccessorImpl.java:43)
</property>
  <property name="failed.exception.class">org.openqa.selenium.SessionNotCreatedException</property>
  <property name="failed.exception.message">session not created: This version of Microsoft Edge WebDriver only supports Microsoft Edge version 125
Current browser version is 151.0.4129.86 with binary path C:\Program Files (x86)\Microsoft\Edge\Application\msedge.exe
Build info: version: &apos;3.141.59&apos;, revision: &apos;unknown&apos;, time: &apos;unknown&apos;
System info: host: &apos;DESKTOP-8DOPEV3&apos;, ip: &apos;192.168.18.96&apos;, os.name: &apos;Windows 10&apos;, os.arch: &apos;amd64&apos;, os.version: &apos;10.0&apos;, java.version: &apos;17.0.7&apos;
Driver info: driver.version: CEdgeDriver
remote stacktrace: 	GetHandleVerifier [0x00007FF7021D5FF2+61250]
	Microsoft::Applications::Events::ILogConfiguration::operator* [0x00007FF702160649+207017]
	(No symbol) [0x00007FF701F6E3C7]
	(No symbol) [0x00007FF701FA676F]
	(No symbol) [0x00007FF701FA5C28]
	(No symbol) [0x00007FF701FA02B0]
	(No symbol) [0x00007FF701F9CD37]
	(No symbol) [0x00007FF701FDE92C]
	(No symbol) [0x00007FF701FD44B3]
	(No symbol) [0x00007FF701FA9F1E]
	(No symbol) [0x00007FF701FA90DC]
	(No symbol) [0x00007FF701FA9AD1]
	Microsoft::Applications::Events::EventProperty::to_string [0x00007FF70238E184+1072532]
	(No symbol) [0x00007FF702022CEC]
	Microsoft::Applications::Events::EventProperty::~EventProperty [0x00007FF7020CEEAC+51468]
	Microsoft::Applications::Events::EventProperty::~EventProperty [0x00007FF7020C3765+4549]
	Microsoft::Applications::Events::EventProperty::to_string [0x00007FF70238D145+1068373]
	Microsoft::Applications::Events::ILogConfiguration::operator* [0x00007FF70216A051+246449]
	Microsoft::Applications::Events::ILogConfiguration::operator* [0x00007FF7021653B4+226836]
	Microsoft::Applications::Events::ILogConfiguration::operator* [0x00007FF7021654EB+227147]
	Microsoft::Applications::Events::ILogConfiguration::operator* [0x00007FF70215BCE0+188224]
	BaseThreadInitThunk [0x00007FFF6D637374+20]
	RtlUserThreadStart [0x00007FFF6DC7CC91+33]
</property>
</record>
<record>
  <date>2026-08-18T11:05:31.785579400Z</date>
  <millis>1787051131785</millis>
  <nanos>579400</nanos>
  <sequence>61</sequence>
  <level>END</level>
  <class>com.kms.katalon.core.logging.XmlKeywordLogger</class>
  <method>endTest</method>
  <thread>1</thread>
  <message>End Test Case : Test Cases/add new test case</message>
  <nestedLevel>0</nestedLevel>
  <escapedJava>false</escapedJava>
  <property name="executionBindingVariables">[]</property>
  <property name="applitools">false</property>
  <property name="remainingRetryCount">1</property>
  <property name="currentRetryCount">2</property>
  <property name="keywordsUsage">{
  &quot;web_ui&quot;: true,
  &quot;web_service&quot;: false,
  &quot;cucumber&quot;: false,
  &quot;builtin&quot;: false,
  &quot;mobile&quot;: false,
  &quot;windows&quot;: false,
  &quot;testng&quot;: false
}</property>
</record>
<record>
  <date>2026-08-18T11:05:31.792579900Z</date>
  <millis>1787051131792</millis>
  <nanos>579900</nanos>
  <sequence>62</sequence>
  <level>START</level>
  <class>com.kms.katalon.core.logging.XmlKeywordLogger</class>
  <method>startTest</method>
  <thread>1</thread>
  <message>Start Test Case : Test Cases/add new test case</message>
  <nestedLevel>1</nestedLevel>
  <escapedJava>false</escapedJava>
  <property name="remainingRetryCount">0</property>
  <property name="name">Test Cases/add new test case</property>
  <property name="description"></property>
  <property name="iteration"></property>
  <property name="id">Test Cases/add new test case</property>
  <property name="source">C:\Users\Pc p\git\katalon_automation_testing\Test Cases\add new test case.tc</property>
  <property name="tag"></property>
  <property name="isOptional">false</property>
  <property name="currentRetryCount">3</property>
</record>
<record>
  <date>2026-08-18T11:05:31.809580100Z</date>
  <millis>1787051131809</millis>
  <nanos>580100</nanos>
  <sequence>64</sequence>
  <level>START</level>
  <class>com.kms.katalon.core.logging.XmlKeywordLogger</class>
  <method>startKeyword</method>
  <thread>1</thread>
  <message>Start action : openBrowser(&amp;quot;&amp;quot;)</message>
  <nestedLevel>1</nestedLevel>
  <escapedJava>false</escapedJava>
  <property name="startLine">20</property>
  <property name="stepIndex">1</property>
</record>
<record>
  <date>2026-08-18T11:05:31.818582300Z</date>
  <millis>1787051131818</millis>
  <nanos>582300</nanos>
  <sequence>66</sequence>
  <level>INFO</level>
  <class>com.kms.katalon.core.logging.XmlKeywordLogger</class>
  <method>logMessage</method>
  <thread>1</thread>
  <message>Starting &amp;apos;Edge Chromium&amp;apos; driver</message>
  <nestedLevel>1</nestedLevel>
  <escapedJava>false</escapedJava>
</record>
<record>
  <date>2026-08-18T11:05:31.825578600Z</date>
  <millis>1787051131825</millis>
  <nanos>578600</nanos>
  <sequence>68</sequence>
  <level>INFO</level>
  <class>com.kms.katalon.core.logging.XmlKeywordLogger</class>
  <method>logMessage</method>
  <thread>1</thread>
  <message>Action delay is set to 0 milliseconds</message>
  <nestedLevel>1</nestedLevel>
  <escapedJava>false</escapedJava>
</record>
<record>
  <date>2026-08-18T11:05:32.532577300Z</date>
  <millis>1787051132532</millis>
  <nanos>577300</nanos>
  <sequence>72</sequence>
  <level>FAILED</level>
  <class>com.kms.katalon.core.logging.XmlKeywordLogger</class>
  <method>logMessage</method>
  <thread>1</thread>
  <message>Unable to open browser with url: &amp;apos;&amp;apos; (Root cause: com.kms.katalon.core.exception.StepFailedException: Unable to open browser with url: &amp;apos;&amp;apos;
	at com.kms.katalon.core.webui.keyword.internal.WebUIKeywordMain.stepFailed(WebUIKeywordMain.groovy:64)
	at com.kms.katalon.core.webui.keyword.internal.WebUIKeywordMain.runKeyword(WebUIKeywordMain.groovy:26)
	at com.kms.katalon.core.webui.keyword.builtin.OpenBrowserKeyword.openBrowser(OpenBrowserKeyword.groovy:81)
	at com.kms.katalon.core.webui.keyword.builtin.OpenBrowserKeyword.execute(OpenBrowserKeyword.groovy:67)
	at com.kms.katalon.core.keyword.internal.KeywordExecutor.executeKeywordForPlatform(KeywordExecutor.groovy:74)
	at com.kms.katalon.core.webui.keyword.WebUiBuiltInKeywords.openBrowser(WebUiBuiltInKeywords.groovy:64)
	at add new test case.run(add new test case:20)
	at com.kms.katalon.core.main.ScriptEngine.run(ScriptEngine.java:194)
	at com.kms.katalon.core.main.ScriptEngine.runScriptAsRawText(ScriptEngine.java:119)
	at com.kms.katalon.core.main.TestCaseExecutor.runScript(TestCaseExecutor.java:448)
	at com.kms.katalon.core.main.TestCaseExecutor.doExecute(TestCaseExecutor.java:439)
	at com.kms.katalon.core.main.TestCaseExecutor.processExecutionPhase(TestCaseExecutor.java:418)
	at com.kms.katalon.core.main.TestCaseExecutor.accessMainPhase(TestCaseExecutor.java:410)
	at com.kms.katalon.core.main.TestCaseExecutor.execute(TestCaseExecutor.java:285)
	at com.kms.katalon.core.main.TestCaseExecutor.execute(TestCaseExecutor.java:369)
	at com.kms.katalon.core.main.TestCaseExecutor.execute(TestCaseExecutor.java:369)
	at com.kms.katalon.core.main.TestCaseExecutor.execute(TestCaseExecutor.java:369)
	at com.kms.katalon.core.common.CommonExecutor.accessTestCaseMainPhase(CommonExecutor.java:65)
	at com.kms.katalon.core.main.TestSuiteExecutor.accessTestSuiteMainPhase(TestSuiteExecutor.java:150)
	at com.kms.katalon.core.main.TestSuiteExecutor.execute(TestSuiteExecutor.java:106)
	at com.kms.katalon.core.main.TestCaseMain.startTestSuite(TestCaseMain.java:180)
	at TempTestSuite1787051123983.run(TempTestSuite1787051123983.groovy:35)
	at java.base/jdk.internal.reflect.NativeMethodAccessorImpl.invoke0(Native Method)
	at java.base/jdk.internal.reflect.NativeMethodAccessorImpl.invoke(NativeMethodAccessorImpl.java:77)
	at java.base/jdk.internal.reflect.DelegatingMethodAccessorImpl.invoke(DelegatingMethodAccessorImpl.java:43)
Caused by: org.openqa.selenium.SessionNotCreatedException: session not created: This version of Microsoft Edge WebDriver only supports Microsoft Edge version 125
Current browser version is 151.0.4129.86 with binary path C:\Program Files (x86)\Microsoft\Edge\Application\msedge.exe
Build info: version: &amp;apos;3.141.59&amp;apos;, revision: &amp;apos;unknown&amp;apos;, time: &amp;apos;unknown&amp;apos;
System info: host: &amp;apos;DESKTOP-8DOPEV3&amp;apos;, ip: &amp;apos;192.168.18.96&amp;apos;, os.name: &amp;apos;Windows 10&amp;apos;, os.arch: &amp;apos;amd64&amp;apos;, os.version: &amp;apos;10.0&amp;apos;, java.version: &amp;apos;17.0.7&amp;apos;
Driver info: driver.version: CEdgeDriver
remote stacktrace: 	GetHandleVerifier [0x00007FF7021D5FF2+61250]
	Microsoft::Applications::Events::ILogConfiguration::operator* [0x00007FF702160649+207017]
	(No symbol) [0x00007FF701F6E3C7]
	(No symbol) [0x00007FF701FA676F]
	(No symbol) [0x00007FF701FA5C28]
	(No symbol) [0x00007FF701FA02B0]
	(No symbol) [0x00007FF701F9CD37]
	(No symbol) [0x00007FF701FDE92C]
	(No symbol) [0x00007FF701FD44B3]
	(No symbol) [0x00007FF701FA9F1E]
	(No symbol) [0x00007FF701FA90DC]
	(No symbol) [0x00007FF701FA9AD1]
	Microsoft::Applications::Events::EventProperty::to_string [0x00007FF70238E184+1072532]
	(No symbol) [0x00007FF702022CEC]
	Microsoft::Applications::Events::EventProperty::~EventProperty [0x00007FF7020CEEAC+51468]
	Microsoft::Applications::Events::EventProperty::~EventProperty [0x00007FF7020C3765+4549]
	Microsoft::Applications::Events::EventProperty::to_string [0x00007FF70238D145+1068373]
	Microsoft::Applications::Events::ILogConfiguration::operator* [0x00007FF70216A051+246449]
	Microsoft::Applications::Events::ILogConfiguration::operator* [0x00007FF7021653B4+226836]
	Microsoft::Applications::Events::ILogConfiguration::operator* [0x00007FF7021654EB+227147]
	Microsoft::Applications::Events::ILogConfiguration::operator* [0x00007FF70215BCE0+188224]
	BaseThreadInitThunk [0x00007FFF6D637374+20]
	RtlUserThreadStart [0x00007FFF6DC7CC91+33]

	at java.base/jdk.internal.reflect.NativeConstructorAccessorImpl.newInstance0(Native Method)
	at java.base/jdk.internal.reflect.NativeConstructorAccessorImpl.newInstance(NativeConstructorAccessorImpl.java:77)
	at java.base/jdk.internal.reflect.DelegatingConstructorAccessorImpl.newInstance(DelegatingConstructorAccessorImpl.java:45)
	at org.openqa.selenium.remote.W3CHandshakeResponse.lambda$errorHandler$0(W3CHandshakeResponse.java:62)
	at org.openqa.selenium.remote.HandshakeResponse.lambda$getResponseFunction$0(HandshakeResponse.java:30)
	at org.openqa.selenium.remote.ProtocolHandshake.lambda$createSession$0(ProtocolHandshake.java:126)
	at org.openqa.selenium.remote.ProtocolHandshake.createSession(ProtocolHandshake.java:128)
	at org.openqa.selenium.remote.ProtocolHandshake.createSession(ProtocolHandshake.java:74)
	at org.openqa.selenium.remote.HttpCommandExecutor.execute(HttpCommandExecutor.java:136)
	at org.openqa.selenium.remote.service.DriverCommandExecutor.execute(DriverCommandExecutor.java:83)
	at org.openqa.selenium.remote.RemoteWebDriver.execute(RemoteWebDriver.java:552)
	at com.kms.katalon.selenium.driver.CEdgeDriver.execute(CEdgeDriver.java:20)
	at org.openqa.selenium.remote.RemoteWebDriver.startSession(RemoteWebDriver.java:213)
	at org.openqa.selenium.remote.RemoteWebDriver.&amp;lt;init&amp;gt;(RemoteWebDriver.java:131)
	at org.openqa.selenium.edge.EdgeDriver.&amp;lt;init&amp;gt;(EdgeDriver.java:154)
	at com.kms.katalon.selenium.driver.CEdgeDriver.&amp;lt;init&amp;gt;(CEdgeDriver.java:14)
	at com.kms.katalon.core.webui.driver.DriverFactory.createNewEdgeChromiumDriver(DriverFactory.java:692)
	at com.kms.katalon.core.webui.driver.DriverFactory.startNewBrowser(DriverFactory.java:397)
	at com.kms.katalon.core.webui.driver.DriverFactory.openWebDriver(DriverFactory.java:271)
	at com.kms.katalon.core.webui.keyword.builtin.OpenBrowserKeyword$_openBrowser_closure1.doCall(OpenBrowserKeyword.groovy:74)
	at com.kms.katalon.core.webui.keyword.builtin.OpenBrowserKeyword$_openBrowser_closure1.call(OpenBrowserKeyword.groovy)
	at com.kms.katalon.core.webui.keyword.internal.WebUIKeywordMain.runKeyword(WebUIKeywordMain.groovy:20)
	at com.kms.katalon.core.webui.keyword.builtin.OpenBrowserKeyword.openBrowser(OpenBrowserKeyword.groovy:81)
	at com.kms.katalon.core.webui.keyword.builtin.OpenBrowserKeyword.execute(OpenBrowserKeyword.groovy:67)
	at com.kms.katalon.core.keyword.internal.KeywordExecutor.executeKeywordForPlatform(KeywordExecutor.groovy:74)
	at com.kms.katalon.core.webui.keyword.WebUiBuiltInKeywords.openBrowser(WebUiBuiltInKeywords.groovy:64)
	at Script1786471458684.run(Script1786471458684.groovy:20)
	... 18 more
)</message>
  <nestedLevel>1</nestedLevel>
  <escapedJava>false</escapedJava>
  <property name="failed.exception.class">org.openqa.selenium.SessionNotCreatedException</property>
  <property name="failed.exception.stacktrace">org.openqa.selenium.SessionNotCreatedException: session not created: This version of Microsoft Edge WebDriver only supports Microsoft Edge version 125
Current browser version is 151.0.4129.86 with binary path C:\Program Files (x86)\Microsoft\Edge\Application\msedge.exe
Build info: version: &apos;3.141.59&apos;, revision: &apos;unknown&apos;, time: &apos;unknown&apos;
System info: host: &apos;DESKTOP-8DOPEV3&apos;, ip: &apos;192.168.18.96&apos;, os.name: &apos;Windows 10&apos;, os.arch: &apos;amd64&apos;, os.version: &apos;10.0&apos;, java.version: &apos;17.0.7&apos;
Driver info: driver.version: CEdgeDriver
remote stacktrace: 	GetHandleVerifier [0x00007FF7021D5FF2+61250]
	Microsoft::Applications::Events::ILogConfiguration::operator* [0x00007FF702160649+207017]
	(No symbol) [0x00007FF701F6E3C7]
	(No symbol) [0x00007FF701FA676F]
	(No symbol) [0x00007FF701FA5C28]
	(No symbol) [0x00007FF701FA02B0]
	(No symbol) [0x00007FF701F9CD37]
	(No symbol) [0x00007FF701FDE92C]
	(No symbol) [0x00007FF701FD44B3]
	(No symbol) [0x00007FF701FA9F1E]
	(No symbol) [0x00007FF701FA90DC]
	(No symbol) [0x00007FF701FA9AD1]
	Microsoft::Applications::Events::EventProperty::to_string [0x00007FF70238E184+1072532]
	(No symbol) [0x00007FF702022CEC]
	Microsoft::Applications::Events::EventProperty::~EventProperty [0x00007FF7020CEEAC+51468]
	Microsoft::Applications::Events::EventProperty::~EventProperty [0x00007FF7020C3765+4549]
	Microsoft::Applications::Events::EventProperty::to_string [0x00007FF70238D145+1068373]
	Microsoft::Applications::Events::ILogConfiguration::operator* [0x00007FF70216A051+246449]
	Microsoft::Applications::Events::ILogConfiguration::operator* [0x00007FF7021653B4+226836]
	Microsoft::Applications::Events::ILogConfiguration::operator* [0x00007FF7021654EB+227147]
	Microsoft::Applications::Events::ILogConfiguration::operator* [0x00007FF70215BCE0+188224]
	BaseThreadInitThunk [0x00007FFF6D637374+20]
	RtlUserThreadStart [0x00007FFF6DC7CC91+33]

	at java.base/jdk.internal.reflect.NativeConstructorAccessorImpl.newInstance0(Native Method)
	at java.base/jdk.internal.reflect.NativeConstructorAccessorImpl.newInstance(NativeConstructorAccessorImpl.java:77)
	at java.base/jdk.internal.reflect.DelegatingConstructorAccessorImpl.newInstance(DelegatingConstructorAccessorImpl.java:45)
	at org.openqa.selenium.remote.W3CHandshakeResponse.lambda$errorHandler$0(W3CHandshakeResponse.java:62)
	at org.openqa.selenium.remote.HandshakeResponse.lambda$getResponseFunction$0(HandshakeResponse.java:30)
	at org.openqa.selenium.remote.ProtocolHandshake.lambda$createSession$0(ProtocolHandshake.java:126)
	at org.openqa.selenium.remote.ProtocolHandshake.createSession(ProtocolHandshake.java:128)
	at org.openqa.selenium.remote.ProtocolHandshake.createSession(ProtocolHandshake.java:74)
	at org.openqa.selenium.remote.HttpCommandExecutor.execute(HttpCommandExecutor.java:136)
	at org.openqa.selenium.remote.service.DriverCommandExecutor.execute(DriverCommandExecutor.java:83)
	at org.openqa.selenium.remote.RemoteWebDriver.execute(RemoteWebDriver.java:552)
	at com.kms.katalon.selenium.driver.CEdgeDriver.execute(CEdgeDriver.java:20)
	at org.openqa.selenium.remote.RemoteWebDriver.startSession(RemoteWebDriver.java:213)
	at org.openqa.selenium.remote.RemoteWebDriver.&lt;init&gt;(RemoteWebDriver.java:131)
	at org.openqa.selenium.edge.EdgeDriver.&lt;init&gt;(EdgeDriver.java:154)
	at com.kms.katalon.selenium.driver.CEdgeDriver.&lt;init&gt;(CEdgeDriver.java:14)
	at com.kms.katalon.core.webui.driver.DriverFactory.createNewEdgeChromiumDriver(DriverFactory.java:692)
	at com.kms.katalon.core.webui.driver.DriverFactory.startNewBrowser(DriverFactory.java:397)
	at com.kms.katalon.core.webui.driver.DriverFactory.openWebDriver(DriverFactory.java:271)
	at com.kms.katalon.core.webui.keyword.builtin.OpenBrowserKeyword$_openBrowser_closure1.doCall(OpenBrowserKeyword.groovy:74)
	at com.kms.katalon.core.webui.keyword.builtin.OpenBrowserKeyword$_openBrowser_closure1.call(OpenBrowserKeyword.groovy)
	at com.kms.katalon.core.webui.keyword.internal.WebUIKeywordMain.runKeyword(WebUIKeywordMain.groovy:20)
	at com.kms.katalon.core.webui.keyword.builtin.OpenBrowserKeyword.openBrowser(OpenBrowserKeyword.groovy:81)
	at com.kms.katalon.core.webui.keyword.builtin.OpenBrowserKeyword.execute(OpenBrowserKeyword.groovy:67)
	at com.kms.katalon.core.keyword.internal.KeywordExecutor.executeKeywordForPlatform(KeywordExecutor.groovy:74)
	at com.kms.katalon.core.webui.keyword.WebUiBuiltInKeywords.openBrowser(WebUiBuiltInKeywords.groovy:64)
	at add new test case.run(add new test case:20)
	at com.kms.katalon.core.main.ScriptEngine.run(ScriptEngine.java:194)
	at com.kms.katalon.core.main.ScriptEngine.runScriptAsRawText(ScriptEngine.java:119)
	at com.kms.katalon.core.main.TestCaseExecutor.runScript(TestCaseExecutor.java:448)
	at com.kms.katalon.core.main.TestCaseExecutor.doExecute(TestCaseExecutor.java:439)
	at com.kms.katalon.core.main.TestCaseExecutor.processExecutionPhase(TestCaseExecutor.java:418)
	at com.kms.katalon.core.main.TestCaseExecutor.accessMainPhase(TestCaseExecutor.java:410)
	at com.kms.katalon.core.main.TestCaseExecutor.execute(TestCaseExecutor.java:285)
	at com.kms.katalon.core.main.TestCaseExecutor.execute(TestCaseExecutor.java:369)
	at com.kms.katalon.core.main.TestCaseExecutor.execute(TestCaseExecutor.java:369)
	at com.kms.katalon.core.main.TestCaseExecutor.execute(TestCaseExecutor.java:369)
	at com.kms.katalon.core.common.CommonExecutor.accessTestCaseMainPhase(CommonExecutor.java:65)
	at com.kms.katalon.core.main.TestSuiteExecutor.accessTestSuiteMainPhase(TestSuiteExecutor.java:150)
	at com.kms.katalon.core.main.TestSuiteExecutor.execute(TestSuiteExecutor.java:106)
	at com.kms.katalon.core.main.TestCaseMain.startTestSuite(TestCaseMain.java:180)
	at TempTestSuite1787051123983.run(TempTestSuite1787051123983.groovy:35)
	at java.base/jdk.internal.reflect.NativeMethodAccessorImpl.invoke0(Native Method)
	at java.base/jdk.internal.reflect.NativeMethodAccessorImpl.invoke(NativeMethodAccessorImpl.java:77)
	at java.base/jdk.internal.reflect.DelegatingMethodAccessorImpl.invoke(DelegatingMethodAccessorImpl.java:43)
</property>
  <property name="failed.exception.message">session not created: This version of Microsoft Edge WebDriver only supports Microsoft Edge version 125
Current browser version is 151.0.4129.86 with binary path C:\Program Files (x86)\Microsoft\Edge\Application\msedge.exe
Build info: version: &apos;3.141.59&apos;, revision: &apos;unknown&apos;, time: &apos;unknown&apos;
System info: host: &apos;DESKTOP-8DOPEV3&apos;, ip: &apos;192.168.18.96&apos;, os.name: &apos;Windows 10&apos;, os.arch: &apos;amd64&apos;, os.version: &apos;10.0&apos;, java.version: &apos;17.0.7&apos;
Driver info: driver.version: CEdgeDriver
remote stacktrace: 	GetHandleVerifier [0x00007FF7021D5FF2+61250]
	Microsoft::Applications::Events::ILogConfiguration::operator* [0x00007FF702160649+207017]
	(No symbol) [0x00007FF701F6E3C7]
	(No symbol) [0x00007FF701FA676F]
	(No symbol) [0x00007FF701FA5C28]
	(No symbol) [0x00007FF701FA02B0]
	(No symbol) [0x00007FF701F9CD37]
	(No symbol) [0x00007FF701FDE92C]
	(No symbol) [0x00007FF701FD44B3]
	(No symbol) [0x00007FF701FA9F1E]
	(No symbol) [0x00007FF701FA90DC]
	(No symbol) [0x00007FF701FA9AD1]
	Microsoft::Applications::Events::EventProperty::to_string [0x00007FF70238E184+1072532]
	(No symbol) [0x00007FF702022CEC]
	Microsoft::Applications::Events::EventProperty::~EventProperty [0x00007FF7020CEEAC+51468]
	Microsoft::Applications::Events::EventProperty::~EventProperty [0x00007FF7020C3765+4549]
	Microsoft::Applications::Events::EventProperty::to_string [0x00007FF70238D145+1068373]
	Microsoft::Applications::Events::ILogConfiguration::operator* [0x00007FF70216A051+246449]
	Microsoft::Applications::Events::ILogConfiguration::operator* [0x00007FF7021653B4+226836]
	Microsoft::Applications::Events::ILogConfiguration::operator* [0x00007FF7021654EB+227147]
	Microsoft::Applications::Events::ILogConfiguration::operator* [0x00007FF70215BCE0+188224]
	BaseThreadInitThunk [0x00007FFF6D637374+20]
	RtlUserThreadStart [0x00007FFF6DC7CC91+33]
</property>
</record>
<record>
  <date>2026-08-18T11:05:32.534577800Z</date>
  <millis>1787051132534</millis>
  <nanos>577800</nanos>
  <sequence>75</sequence>
  <level>END</level>
  <class>com.kms.katalon.core.logging.XmlKeywordLogger</class>
  <method>endKeyword</method>
  <thread>1</thread>
  <message>End action : openBrowser(&amp;quot;&amp;quot;)</message>
  <nestedLevel>1</nestedLevel>
  <escapedJava>false</escapedJava>
</record>
<record>
  <date>2026-08-18T11:05:32.536581Z</date>
  <millis>1787051132536</millis>
  <nanos>581000</nanos>
  <sequence>78</sequence>
  <level>FAILED</level>
  <class>com.kms.katalon.core.logging.XmlKeywordLogger</class>
  <method>logMessage</method>
  <thread>1</thread>
  <message>Test Cases/add new test case FAILED.
Reason:
com.kms.katalon.core.exception.StepFailedException: Unable to open browser with url: &amp;apos;&amp;apos;
	at com.kms.katalon.core.webui.keyword.internal.WebUIKeywordMain.stepFailed(WebUIKeywordMain.groovy:64)
	at com.kms.katalon.core.webui.keyword.internal.WebUIKeywordMain.runKeyword(WebUIKeywordMain.groovy:26)
	at com.kms.katalon.core.webui.keyword.builtin.OpenBrowserKeyword.openBrowser(OpenBrowserKeyword.groovy:81)
	at com.kms.katalon.core.webui.keyword.builtin.OpenBrowserKeyword.execute(OpenBrowserKeyword.groovy:67)
	at com.kms.katalon.core.keyword.internal.KeywordExecutor.executeKeywordForPlatform(KeywordExecutor.groovy:74)
	at com.kms.katalon.core.webui.keyword.WebUiBuiltInKeywords.openBrowser(WebUiBuiltInKeywords.groovy:64)
	at add new test case.run(add new test case:20)
	at com.kms.katalon.core.main.ScriptEngine.run(ScriptEngine.java:194)
	at com.kms.katalon.core.main.ScriptEngine.runScriptAsRawText(ScriptEngine.java:119)
	at com.kms.katalon.core.main.TestCaseExecutor.runScript(TestCaseExecutor.java:448)
	at com.kms.katalon.core.main.TestCaseExecutor.doExecute(TestCaseExecutor.java:439)
	at com.kms.katalon.core.main.TestCaseExecutor.processExecutionPhase(TestCaseExecutor.java:418)
	at com.kms.katalon.core.main.TestCaseExecutor.accessMainPhase(TestCaseExecutor.java:410)
	at com.kms.katalon.core.main.TestCaseExecutor.execute(TestCaseExecutor.java:285)
	at com.kms.katalon.core.main.TestCaseExecutor.execute(TestCaseExecutor.java:369)
	at com.kms.katalon.core.main.TestCaseExecutor.execute(TestCaseExecutor.java:369)
	at com.kms.katalon.core.main.TestCaseExecutor.execute(TestCaseExecutor.java:369)
	at com.kms.katalon.core.common.CommonExecutor.accessTestCaseMainPhase(CommonExecutor.java:65)
	at com.kms.katalon.core.main.TestSuiteExecutor.accessTestSuiteMainPhase(TestSuiteExecutor.java:150)
	at com.kms.katalon.core.main.TestSuiteExecutor.execute(TestSuiteExecutor.java:106)
	at com.kms.katalon.core.main.TestCaseMain.startTestSuite(TestCaseMain.java:180)
	at TempTestSuite1787051123983.run(TempTestSuite1787051123983.groovy:35)
	at java.base/jdk.internal.reflect.NativeMethodAccessorImpl.invoke0(Native Method)
	at java.base/jdk.internal.reflect.NativeMethodAccessorImpl.invoke(NativeMethodAccessorImpl.java:77)
	at java.base/jdk.internal.reflect.DelegatingMethodAccessorImpl.invoke(DelegatingMethodAccessorImpl.java:43)
Caused by: org.openqa.selenium.SessionNotCreatedException: session not created: This version of Microsoft Edge WebDriver only supports Microsoft Edge version 125
Current browser version is 151.0.4129.86 with binary path C:\Program Files (x86)\Microsoft\Edge\Application\msedge.exe
Build info: version: &amp;apos;3.141.59&amp;apos;, revision: &amp;apos;unknown&amp;apos;, time: &amp;apos;unknown&amp;apos;
System info: host: &amp;apos;DESKTOP-8DOPEV3&amp;apos;, ip: &amp;apos;192.168.18.96&amp;apos;, os.name: &amp;apos;Windows 10&amp;apos;, os.arch: &amp;apos;amd64&amp;apos;, os.version: &amp;apos;10.0&amp;apos;, java.version: &amp;apos;17.0.7&amp;apos;
Driver info: driver.version: CEdgeDriver
remote stacktrace: 	GetHandleVerifier [0x00007FF7021D5FF2+61250]
	Microsoft::Applications::Events::ILogConfiguration::operator* [0x00007FF702160649+207017]
	(No symbol) [0x00007FF701F6E3C7]
	(No symbol) [0x00007FF701FA676F]
	(No symbol) [0x00007FF701FA5C28]
	(No symbol) [0x00007FF701FA02B0]
	(No symbol) [0x00007FF701F9CD37]
	(No symbol) [0x00007FF701FDE92C]
	(No symbol) [0x00007FF701FD44B3]
	(No symbol) [0x00007FF701FA9F1E]
	(No symbol) [0x00007FF701FA90DC]
	(No symbol) [0x00007FF701FA9AD1]
	Microsoft::Applications::Events::EventProperty::to_string [0x00007FF70238E184+1072532]
	(No symbol) [0x00007FF702022CEC]
	Microsoft::Applications::Events::EventProperty::~EventProperty [0x00007FF7020CEEAC+51468]
	Microsoft::Applications::Events::EventProperty::~EventProperty [0x00007FF7020C3765+4549]
	Microsoft::Applications::Events::EventProperty::to_string [0x00007FF70238D145+1068373]
	Microsoft::Applications::Events::ILogConfiguration::operator* [0x00007FF70216A051+246449]
	Microsoft::Applications::Events::ILogConfiguration::operator* [0x00007FF7021653B4+226836]
	Microsoft::Applications::Events::ILogConfiguration::operator* [0x00007FF7021654EB+227147]
	Microsoft::Applications::Events::ILogConfiguration::operator* [0x00007FF70215BCE0+188224]
	BaseThreadInitThunk [0x00007FFF6D637374+20]
	RtlUserThreadStart [0x00007FFF6DC7CC91+33]

	at java.base/jdk.internal.reflect.NativeConstructorAccessorImpl.newInstance0(Native Method)
	at java.base/jdk.internal.reflect.NativeConstructorAccessorImpl.newInstance(NativeConstructorAccessorImpl.java:77)
	at java.base/jdk.internal.reflect.DelegatingConstructorAccessorImpl.newInstance(DelegatingConstructorAccessorImpl.java:45)
	at org.openqa.selenium.remote.W3CHandshakeResponse.lambda$errorHandler$0(W3CHandshakeResponse.java:62)
	at org.openqa.selenium.remote.HandshakeResponse.lambda$getResponseFunction$0(HandshakeResponse.java:30)
	at org.openqa.selenium.remote.ProtocolHandshake.lambda$createSession$0(ProtocolHandshake.java:126)
	at org.openqa.selenium.remote.ProtocolHandshake.createSession(ProtocolHandshake.java:128)
	at org.openqa.selenium.remote.ProtocolHandshake.createSession(ProtocolHandshake.java:74)
	at org.openqa.selenium.remote.HttpCommandExecutor.execute(HttpCommandExecutor.java:136)
	at org.openqa.selenium.remote.service.DriverCommandExecutor.execute(DriverCommandExecutor.java:83)
	at org.openqa.selenium.remote.RemoteWebDriver.execute(RemoteWebDriver.java:552)
	at com.kms.katalon.selenium.driver.CEdgeDriver.execute(CEdgeDriver.java:20)
	at org.openqa.selenium.remote.RemoteWebDriver.startSession(RemoteWebDriver.java:213)
	at org.openqa.selenium.remote.RemoteWebDriver.&amp;lt;init&amp;gt;(RemoteWebDriver.java:131)
	at org.openqa.selenium.edge.EdgeDriver.&amp;lt;init&amp;gt;(EdgeDriver.java:154)
	at com.kms.katalon.selenium.driver.CEdgeDriver.&amp;lt;init&amp;gt;(CEdgeDriver.java:14)
	at com.kms.katalon.core.webui.driver.DriverFactory.createNewEdgeChromiumDriver(DriverFactory.java:692)
	at com.kms.katalon.core.webui.driver.DriverFactory.startNewBrowser(DriverFactory.java:397)
	at com.kms.katalon.core.webui.driver.DriverFactory.openWebDriver(DriverFactory.java:271)
	at com.kms.katalon.core.webui.keyword.builtin.OpenBrowserKeyword$_openBrowser_closure1.doCall(OpenBrowserKeyword.groovy:74)
	at com.kms.katalon.core.webui.keyword.builtin.OpenBrowserKeyword$_openBrowser_closure1.call(OpenBrowserKeyword.groovy)
	at com.kms.katalon.core.webui.keyword.internal.WebUIKeywordMain.runKeyword(WebUIKeywordMain.groovy:20)
	... 23 more
</message>
  <exception>
    <message>com.kms.katalon.core.exception.StepFailedException: Unable to open browser with url: ''</message>
    <frame>
      <class>com.kms.katalon.core.webui.keyword.internal.WebUIKeywordMain</class>
      <method>stepFailed</method>
      <line>64</line>
    </frame>
    <frame>
      <class>com.kms.katalon.core.webui.keyword.internal.WebUIKeywordMain</class>
      <method>runKeyword</method>
      <line>26</line>
    </frame>
    <frame>
      <class>com.kms.katalon.core.webui.keyword.builtin.OpenBrowserKeyword</class>
      <method>openBrowser</method>
      <line>81</line>
    </frame>
    <frame>
      <class>com.kms.katalon.core.webui.keyword.builtin.OpenBrowserKeyword</class>
      <method>execute</method>
      <line>67</line>
    </frame>
    <frame>
      <class>com.kms.katalon.core.keyword.internal.KeywordExecutor</class>
      <method>executeKeywordForPlatform</method>
      <line>74</line>
    </frame>
    <frame>
      <class>com.kms.katalon.core.webui.keyword.WebUiBuiltInKeywords</class>
      <method>openBrowser</method>
      <line>64</line>
    </frame>
    <frame>
      <class>add new test case</class>
      <method>run</method>
      <line>20</line>
    </frame>
    <frame>
      <class>com.kms.katalon.core.main.ScriptEngine</class>
      <method>run</method>
      <line>194</line>
    </frame>
    <frame>
      <class>com.kms.katalon.core.main.ScriptEngine</class>
      <method>runScriptAsRawText</method>
      <line>119</line>
    </frame>
    <frame>
      <class>com.kms.katalon.core.main.TestCaseExecutor</class>
      <method>runScript</method>
      <line>448</line>
    </frame>
    <frame>
      <class>com.kms.katalon.core.main.TestCaseExecutor</class>
      <method>doExecute</method>
      <line>439</line>
    </frame>
    <frame>
      <class>com.kms.katalon.core.main.TestCaseExecutor</class>
      <method>processExecutionPhase</method>
      <line>418</line>
    </frame>
    <frame>
      <class>com.kms.katalon.core.main.TestCaseExecutor</class>
      <method>accessMainPhase</method>
      <line>410</line>
    </frame>
    <frame>
      <class>com.kms.katalon.core.main.TestCaseExecutor</class>
      <method>execute</method>
      <line>285</line>
    </frame>
    <frame>
      <class>com.kms.katalon.core.main.TestCaseExecutor</class>
      <method>execute</method>
      <line>369</line>
    </frame>
    <frame>
      <class>com.kms.katalon.core.main.TestCaseExecutor</class>
      <method>execute</method>
      <line>369</line>
    </frame>
    <frame>
      <class>com.kms.katalon.core.main.TestCaseExecutor</class>
      <method>execute</method>
      <line>369</line>
    </frame>
    <frame>
      <class>com.kms.katalon.core.common.CommonExecutor</class>
      <method>accessTestCaseMainPhase</method>
      <line>65</line>
    </frame>
    <frame>
      <class>com.kms.katalon.core.main.TestSuiteExecutor</class>
      <method>accessTestSuiteMainPhase</method>
      <line>150</line>
    </frame>
    <frame>
      <class>com.kms.katalon.core.main.TestSuiteExecutor</class>
      <method>execute</method>
      <line>106</line>
    </frame>
    <frame>
      <class>com.kms.katalon.core.main.TestCaseMain</class>
      <method>startTestSuite</method>
      <line>180</line>
    </frame>
    <frame>
      <class>TempTestSuite1787051123983</class>
      <method>run</method>
      <line>35</line>
    </frame>
    <frame>
      <class>jdk.internal.reflect.NativeMethodAccessorImpl</class>
      <method>invoke0</method>
    </frame>
    <frame>
      <class>jdk.internal.reflect.NativeMethodAccessorImpl</class>
      <method>invoke</method>
      <line>77</line>
    </frame>
    <frame>
      <class>jdk.internal.reflect.DelegatingMethodAccessorImpl</class>
      <method>invoke</method>
      <line>43</line>
    </frame>
  </exception>
  <nestedLevel>0</nestedLevel>
  <escapedJava>false</escapedJava>
  <property name="failed.exception.stacktrace">org.openqa.selenium.SessionNotCreatedException: session not created: This version of Microsoft Edge WebDriver only supports Microsoft Edge version 125
Current browser version is 151.0.4129.86 with binary path C:\Program Files (x86)\Microsoft\Edge\Application\msedge.exe
Build info: version: &apos;3.141.59&apos;, revision: &apos;unknown&apos;, time: &apos;unknown&apos;
System info: host: &apos;DESKTOP-8DOPEV3&apos;, ip: &apos;192.168.18.96&apos;, os.name: &apos;Windows 10&apos;, os.arch: &apos;amd64&apos;, os.version: &apos;10.0&apos;, java.version: &apos;17.0.7&apos;
Driver info: driver.version: CEdgeDriver
remote stacktrace: 	GetHandleVerifier [0x00007FF7021D5FF2+61250]
	Microsoft::Applications::Events::ILogConfiguration::operator* [0x00007FF702160649+207017]
	(No symbol) [0x00007FF701F6E3C7]
	(No symbol) [0x00007FF701FA676F]
	(No symbol) [0x00007FF701FA5C28]
	(No symbol) [0x00007FF701FA02B0]
	(No symbol) [0x00007FF701F9CD37]
	(No symbol) [0x00007FF701FDE92C]
	(No symbol) [0x00007FF701FD44B3]
	(No symbol) [0x00007FF701FA9F1E]
	(No symbol) [0x00007FF701FA90DC]
	(No symbol) [0x00007FF701FA9AD1]
	Microsoft::Applications::Events::EventProperty::to_string [0x00007FF70238E184+1072532]
	(No symbol) [0x00007FF702022CEC]
	Microsoft::Applications::Events::EventProperty::~EventProperty [0x00007FF7020CEEAC+51468]
	Microsoft::Applications::Events::EventProperty::~EventProperty [0x00007FF7020C3765+4549]
	Microsoft::Applications::Events::EventProperty::to_string [0x00007FF70238D145+1068373]
	Microsoft::Applications::Events::ILogConfiguration::operator* [0x00007FF70216A051+246449]
	Microsoft::Applications::Events::ILogConfiguration::operator* [0x00007FF7021653B4+226836]
	Microsoft::Applications::Events::ILogConfiguration::operator* [0x00007FF7021654EB+227147]
	Microsoft::Applications::Events::ILogConfiguration::operator* [0x00007FF70215BCE0+188224]
	BaseThreadInitThunk [0x00007FFF6D637374+20]
	RtlUserThreadStart [0x00007FFF6DC7CC91+33]

	at java.base/jdk.internal.reflect.NativeConstructorAccessorImpl.newInstance0(Native Method)
	at java.base/jdk.internal.reflect.NativeConstructorAccessorImpl.newInstance(NativeConstructorAccessorImpl.java:77)
	at java.base/jdk.internal.reflect.DelegatingConstructorAccessorImpl.newInstance(DelegatingConstructorAccessorImpl.java:45)
	at org.openqa.selenium.remote.W3CHandshakeResponse.lambda$errorHandler$0(W3CHandshakeResponse.java:62)
	at org.openqa.selenium.remote.HandshakeResponse.lambda$getResponseFunction$0(HandshakeResponse.java:30)
	at org.openqa.selenium.remote.ProtocolHandshake.lambda$createSession$0(ProtocolHandshake.java:126)
	at org.openqa.selenium.remote.ProtocolHandshake.createSession(ProtocolHandshake.java:128)
	at org.openqa.selenium.remote.ProtocolHandshake.createSession(ProtocolHandshake.java:74)
	at org.openqa.selenium.remote.HttpCommandExecutor.execute(HttpCommandExecutor.java:136)
	at org.openqa.selenium.remote.service.DriverCommandExecutor.execute(DriverCommandExecutor.java:83)
	at org.openqa.selenium.remote.RemoteWebDriver.execute(RemoteWebDriver.java:552)
	at com.kms.katalon.selenium.driver.CEdgeDriver.execute(CEdgeDriver.java:20)
	at org.openqa.selenium.remote.RemoteWebDriver.startSession(RemoteWebDriver.java:213)
	at org.openqa.selenium.remote.RemoteWebDriver.&lt;init&gt;(RemoteWebDriver.java:131)
	at org.openqa.selenium.edge.EdgeDriver.&lt;init&gt;(EdgeDriver.java:154)
	at com.kms.katalon.selenium.driver.CEdgeDriver.&lt;init&gt;(CEdgeDriver.java:14)
	at com.kms.katalon.core.webui.driver.DriverFactory.createNewEdgeChromiumDriver(DriverFactory.java:692)
	at com.kms.katalon.core.webui.driver.DriverFactory.startNewBrowser(DriverFactory.java:397)
	at com.kms.katalon.core.webui.driver.DriverFactory.openWebDriver(DriverFactory.java:271)
	at com.kms.katalon.core.webui.keyword.builtin.OpenBrowserKeyword$_openBrowser_closure1.doCall(OpenBrowserKeyword.groovy:74)
	at com.kms.katalon.core.webui.keyword.builtin.OpenBrowserKeyword$_openBrowser_closure1.call(OpenBrowserKeyword.groovy)
	at com.kms.katalon.core.webui.keyword.internal.WebUIKeywordMain.runKeyword(WebUIKeywordMain.groovy:20)
	at com.kms.katalon.core.webui.keyword.builtin.OpenBrowserKeyword.openBrowser(OpenBrowserKeyword.groovy:81)
	at com.kms.katalon.core.webui.keyword.builtin.OpenBrowserKeyword.execute(OpenBrowserKeyword.groovy:67)
	at com.kms.katalon.core.keyword.internal.KeywordExecutor.executeKeywordForPlatform(KeywordExecutor.groovy:74)
	at com.kms.katalon.core.webui.keyword.WebUiBuiltInKeywords.openBrowser(WebUiBuiltInKeywords.groovy:64)
	at add new test case.run(add new test case:20)
	at com.kms.katalon.core.main.ScriptEngine.run(ScriptEngine.java:194)
	at com.kms.katalon.core.main.ScriptEngine.runScriptAsRawText(ScriptEngine.java:119)
	at com.kms.katalon.core.main.TestCaseExecutor.runScript(TestCaseExecutor.java:448)
	at com.kms.katalon.core.main.TestCaseExecutor.doExecute(TestCaseExecutor.java:439)
	at com.kms.katalon.core.main.TestCaseExecutor.processExecutionPhase(TestCaseExecutor.java:418)
	at com.kms.katalon.core.main.TestCaseExecutor.accessMainPhase(TestCaseExecutor.java:410)
	at com.kms.katalon.core.main.TestCaseExecutor.execute(TestCaseExecutor.java:285)
	at com.kms.katalon.core.main.TestCaseExecutor.execute(TestCaseExecutor.java:369)
	at com.kms.katalon.core.main.TestCaseExecutor.execute(TestCaseExecutor.java:369)
	at com.kms.katalon.core.main.TestCaseExecutor.execute(TestCaseExecutor.java:369)
	at com.kms.katalon.core.common.CommonExecutor.accessTestCaseMainPhase(CommonExecutor.java:65)
	at com.kms.katalon.core.main.TestSuiteExecutor.accessTestSuiteMainPhase(TestSuiteExecutor.java:150)
	at com.kms.katalon.core.main.TestSuiteExecutor.execute(TestSuiteExecutor.java:106)
	at com.kms.katalon.core.main.TestCaseMain.startTestSuite(TestCaseMain.java:180)
	at TempTestSuite1787051123983.run(TempTestSuite1787051123983.groovy:35)
	at java.base/jdk.internal.reflect.NativeMethodAccessorImpl.invoke0(Native Method)
	at java.base/jdk.internal.reflect.NativeMethodAccessorImpl.invoke(NativeMethodAccessorImpl.java:77)
	at java.base/jdk.internal.reflect.DelegatingMethodAccessorImpl.invoke(DelegatingMethodAccessorImpl.java:43)
</property>
  <property name="failed.exception.class">org.openqa.selenium.SessionNotCreatedException</property>
  <property name="failed.exception.message">session not created: This version of Microsoft Edge WebDriver only supports Microsoft Edge version 125
Current browser version is 151.0.4129.86 with binary path C:\Program Files (x86)\Microsoft\Edge\Application\msedge.exe
Build info: version: &apos;3.141.59&apos;, revision: &apos;unknown&apos;, time: &apos;unknown&apos;
System info: host: &apos;DESKTOP-8DOPEV3&apos;, ip: &apos;192.168.18.96&apos;, os.name: &apos;Windows 10&apos;, os.arch: &apos;amd64&apos;, os.version: &apos;10.0&apos;, java.version: &apos;17.0.7&apos;
Driver info: driver.version: CEdgeDriver
remote stacktrace: 	GetHandleVerifier [0x00007FF7021D5FF2+61250]
	Microsoft::Applications::Events::ILogConfiguration::operator* [0x00007FF702160649+207017]
	(No symbol) [0x00007FF701F6E3C7]
	(No symbol) [0x00007FF701FA676F]
	(No symbol) [0x00007FF701FA5C28]
	(No symbol) [0x00007FF701FA02B0]
	(No symbol) [0x00007FF701F9CD37]
	(No symbol) [0x00007FF701FDE92C]
	(No symbol) [0x00007FF701FD44B3]
	(No symbol) [0x00007FF701FA9F1E]
	(No symbol) [0x00007FF701FA90DC]
	(No symbol) [0x00007FF701FA9AD1]
	Microsoft::Applications::Events::EventProperty::to_string [0x00007FF70238E184+1072532]
	(No symbol) [0x00007FF702022CEC]
	Microsoft::Applications::Events::EventProperty::~EventProperty [0x00007FF7020CEEAC+51468]
	Microsoft::Applications::Events::EventProperty::~EventProperty [0x00007FF7020C3765+4549]
	Microsoft::Applications::Events::EventProperty::to_string [0x00007FF70238D145+1068373]
	Microsoft::Applications::Events::ILogConfiguration::operator* [0x00007FF70216A051+246449]
	Microsoft::Applications::Events::ILogConfiguration::operator* [0x00007FF7021653B4+226836]
	Microsoft::Applications::Events::ILogConfiguration::operator* [0x00007FF7021654EB+227147]
	Microsoft::Applications::Events::ILogConfiguration::operator* [0x00007FF70215BCE0+188224]
	BaseThreadInitThunk [0x00007FFF6D637374+20]
	RtlUserThreadStart [0x00007FFF6DC7CC91+33]
</property>
</record>
<record>
  <date>2026-08-18T11:05:32.541581Z</date>
  <millis>1787051132541</millis>
  <nanos>581000</nanos>
  <sequence>80</sequence>
  <level>END</level>
  <class>com.kms.katalon.core.logging.XmlKeywordLogger</class>
  <method>endTest</method>
  <thread>1</thread>
  <message>End Test Case : Test Cases/add new test case</message>
  <nestedLevel>0</nestedLevel>
  <escapedJava>false</escapedJava>
  <property name="executionBindingVariables">[]</property>
  <property name="applitools">false</property>
  <property name="remainingRetryCount">0</property>
  <property name="currentRetryCount">3</property>
  <property name="keywordsUsage">{
  &quot;web_ui&quot;: true,
  &quot;web_service&quot;: false,
  &quot;cucumber&quot;: false,
  &quot;builtin&quot;: false,
  &quot;mobile&quot;: false,
  &quot;windows&quot;: false,
  &quot;testng&quot;: false
}</property>
</record>
<record>
  <date>2026-08-18T11:05:32.542580200Z</date>
  <millis>1787051132542</millis>
  <nanos>580200</nanos>
  <sequence>81</sequence>
  <level>START</level>
  <class>com.kms.katalon.core.logging.XmlKeywordLogger</class>
  <method>startKeyword</method>
  <thread>1</thread>
  <message>Start listener action : exportKatalonReports</message>
  <nestedLevel>0</nestedLevel>
  <escapedJava>false</escapedJava>
</record>
<record>
  <date>2026-08-18T11:05:32.933579500Z</date>
  <millis>1787051132933</millis>
  <nanos>579500</nanos>
  <sequence>159</sequence>
  <level>INFO</level>
  <class>com.kms.katalon.core.logging.XmlKeywordLogger</class>
  <method>logMessage</method>
  <thread>1</thread>
  <message>Start generating HTML report folder at: C:\Users\Pc p\git\katalon_automation_testing\Reports\20260818_160522\open browser\20260818_160523...</message>
  <nestedLevel>0</nestedLevel>
  <escapedJava>false</escapedJava>
</record>
<record>
  <date>2026-08-18T11:05:32.994578900Z</date>
  <millis>1787051132994</millis>
  <nanos>578900</nanos>
  <sequence>160</sequence>
  <level>INFO</level>
  <class>com.kms.katalon.core.logging.XmlKeywordLogger</class>
  <method>logMessage</method>
  <thread>1</thread>
  <message>HTML report generated</message>
  <nestedLevel>0</nestedLevel>
  <escapedJava>false</escapedJava>
</record>
<record>
  <date>2026-08-18T11:05:32.995581600Z</date>
  <millis>1787051132995</millis>
  <nanos>581600</nanos>
  <sequence>161</sequence>
  <level>INFO</level>
  <class>com.kms.katalon.core.logging.XmlKeywordLogger</class>
  <method>logMessage</method>
  <thread>1</thread>
  <message>Start generating CSV report folder at: C:\Users\Pc p\git\katalon_automation_testing\Reports\20260818_160522\open browser\20260818_160523...</message>
  <nestedLevel>0</nestedLevel>
  <escapedJava>false</escapedJava>
</record>
<record>
  <date>2026-08-18T11:05:33.027582100Z</date>
  <millis>1787051133027</millis>
  <nanos>582100</nanos>
  <sequence>162</sequence>
  <level>INFO</level>
  <class>com.kms.katalon.core.logging.XmlKeywordLogger</class>
  <method>logMessage</method>
  <thread>1</thread>
  <message>CSV report generated</message>
  <nestedLevel>0</nestedLevel>
  <escapedJava>false</escapedJava>
</record>
<record>
  <date>2026-08-18T11:05:33.035581800Z</date>
  <millis>1787051133035</millis>
  <nanos>581800</nanos>
  <sequence>164</sequence>
  <level>END</level>
  <class>com.kms.katalon.core.logging.XmlKeywordLogger</class>
  <method>endKeyword</method>
  <thread>1</thread>
  <message>End listener action : exportKatalonReports</message>
  <nestedLevel>0</nestedLevel>
  <escapedJava>false</escapedJava>
</record>
<record>
  <date>2026-08-18T11:05:33.089580400Z</date>
  <millis>1787051133089</millis>
  <nanos>580400</nanos>
  <sequence>165</sequence>
  <level>END</level>
  <class>com.kms.katalon.core.logging.XmlKeywordLogger</class>
  <method>endSuite</method>
  <thread>1</thread>
  <message>End Test Suite : Test Suites/open browser</message>
  <nestedLevel>0</nestedLevel>
  <escapedJava>false</escapedJava>
</record>
</log>
